{
    "open": 237.49000549316406,
    "high": 246.19000244140625,
    "low": 237.25,
    "close": 243.8000030517578,
    "volume": 1522596.0,
    "weekly_change": -0.9345806561217131,
    "monthly_change": 6.013828654887026
}