{
    "open": 190.42999267578125,
    "high": 190.8699951171875,
    "low": 185.38999938964844,
    "close": 185.50999450683594,
    "volume": 1680582.0,
    "weekly_change": -1.2561881469574037,
    "monthly_change": 1.3328164554535396
}