{
    "open": 238.61000061035156,
    "high": 239.55999755859375,
    "low": 236.2100067138672,
    "close": 237.52000427246094,
    "volume": 1713107.0,
    "weekly_change": 1.1842884528593198,
    "monthly_change": 1.2187848656431977
}