{
    "open": 251.9600067138672,
    "high": 252.39999389648438,
    "low": 247.80999755859375,
    "close": 250.85000610351562,
    "volume": 3620100.0,
    "weekly_change": 1.4560186465179474,
    "monthly_change": 9.699570609251214
}