{
    "open": 228.6699981689453,
    "high": 232.94000244140625,
    "low": 228.5,
    "close": 231.8300018310547,
    "volume": 1173141.0,
    "weekly_change": 1.5195310962640758,
    "monthly_change": 2.534274910596726
}