{
    "open": 199.57000732421875,
    "high": 199.9199981689453,
    "low": 191.0,
    "close": 191.3699951171875,
    "volume": 2446686.0,
    "weekly_change": -6.292236816524382,
    "monthly_change": -7.688969480066196
}