{
    "open": 256.6700134277344,
    "high": 261.0899963378906,
    "low": 255.50999450683594,
    "close": 257.67999267578125,
    "volume": 1728200.0,
    "weekly_change": -0.8770575681800119,
    "monthly_change": 7.076667031465761
}