{
    "open": 194.55999755859375,
    "high": 209.38999938964844,
    "low": 194.1199951171875,
    "close": 208.1300048828125,
    "volume": 2680244.0,
    "weekly_change": -0.38289753554444217,
    "monthly_change": 3.0703770771615826
}