{
    "open": 205.9600067138672,
    "high": 206.36000061035156,
    "low": 203.6999969482422,
    "close": 204.32000732421875,
    "volume": 1023602.0,
    "weekly_change": -0.4918884224561397,
    "monthly_change": -5.046930811976369
}