{
    "open": 210.83999633789062,
    "high": 211.33999633789062,
    "low": 202.41000366210938,
    "close": 205.16000366210938,
    "volume": 1739512.0,
    "weekly_change": -3.658132612242386,
    "monthly_change": -3.9108196616337887
}