{
    "open": 239.50999450683594,
    "high": 242.07000732421875,
    "low": 237.27000427246094,
    "close": 237.5500030517578,
    "volume": 1218675.0,
    "weekly_change": 2.392242694723195,
    "monthly_change": -7.826322393841825
}