{
    "open": 237.6999969482422,
    "high": 241.97999572753906,
    "low": 235.6699981689453,
    "close": 238.5,
    "volume": 2509653.0,
    "weekly_change": 1.7231055064598642,
    "monthly_change": 1.6364085391475132
}