{
    "open": 216.72999572753906,
    "high": 217.0,
    "low": 212.7449951171875,
    "close": 213.92999267578125,
    "volume": 1381460.0,
    "weekly_change": 8.555327916451803,
    "monthly_change": 3.487805443354477
}