{
    "open": 209.0019989013672,
    "high": 215.9600067138672,
    "low": 208.77999877929688,
    "close": 213.8800048828125,
    "volume": 1965230.0,
    "weekly_change": 4.745581235881939,
    "monthly_change": 0.8059606582574199
}