{
    "open": 208.0,
    "high": 210.24000549316406,
    "low": 199.35499572753906,
    "close": 203.88999938964844,
    "volume": 4207087.0,
    "weekly_change": 5.511277993034999,
    "monthly_change": -18.090149088276313
}