{
    "open": 256.5,
    "high": 261.0799865722656,
    "low": 255.50999450683594,
    "close": 257.67999267578125,
    "volume": 1690696.0,
    "weekly_change": -0.8770575681800119,
    "monthly_change": 7.076667031465761
}