{
    "open": 254.63999938964844,
    "high": 256.20001220703125,
    "low": 251.41000366210938,
    "close": 251.57000732421875,
    "volume": 1420452.0,
    "weekly_change": -1.561273388829248,
    "monthly_change": -3.2274136046466175
}