{
    "open": 249.2899932861328,
    "high": 250.17999267578125,
    "low": 245.36000061035156,
    "close": 246.02000427246094,
    "volume": 1033551.0,
    "weekly_change": -0.601991946767163,
    "monthly_change": 2.2102232620147118
}