{
    "open": 217.07000732421875,
    "high": 220.75,
    "low": 216.35000610351562,
    "close": 216.64999389648438,
    "volume": 1940941.0,
    "weekly_change": -3.350289812158156,
    "monthly_change": -2.895435747476514
}