{
    "open": 227.3800048828125,
    "high": 229.4499969482422,
    "low": 225.5399932861328,
    "close": 228.6699981689453,
    "volume": 1326600.0,
    "weekly_change": -1.9257185720715997,
    "monthly_change": -1.277902970888737
}