{
    "open": 232.02999877929688,
    "high": 243.55999755859375,
    "low": 227.25,
    "close": 232.0,
    "volume": 5791900.0,
    "weekly_change": -9.250926837909697,
    "monthly_change": -10.101912885780042
}