{
    "open": 228.02999877929688,
    "high": 231.63999938964844,
    "low": 226.6699981689453,
    "close": 226.75999450683594,
    "volume": 6049123.0,
    "weekly_change": -2.4016535762270244,
    "monthly_change": 7.996377191275318
}