{
    "open": 205.22999572753906,
    "high": 210.57000732421875,
    "low": 204.75999450683594,
    "close": 210.1300048828125,
    "volume": 1654576.0,
    "weekly_change": -2.668022846412644,
    "monthly_change": 0.9997605385938078
}