{
    "open": 195.11000061035156,
    "high": 202.1300048828125,
    "low": 193.89999389648438,
    "close": 199.8699951171875,
    "volume": 1473500.0,
    "weekly_change": 5.3666469211659,
    "monthly_change": -7.915230450595093
}