{
    "open": 252.99000549316406,
    "high": 258.510009765625,
    "low": 252.63999938964844,
    "close": 258.4100036621094,
    "volume": 1881251.0,
    "weekly_change": 4.555941753468589,
    "monthly_change": 21.576099718607978
}