{
    "open": 256.94000244140625,
    "high": 259.989990234375,
    "low": 250.9199981689453,
    "close": 251.3800048828125,
    "volume": 1491189.0,
    "weekly_change": 0.4234569860893393,
    "monthly_change": 18.547512975727194
}