{
    "open": 218.58999633789062,
    "high": 218.74989318847656,
    "low": 212.45730590820312,
    "close": 215.17999267578125,
    "volume": 1582100.0,
    "weekly_change": 2.868343154261271,
    "monthly_change": 16.2255554635226
}