{
    "open": 209.9600067138672,
    "high": 214.1719970703125,
    "low": 208.82000732421875,
    "close": 210.4600067138672,
    "volume": 1996769.0,
    "weekly_change": -2.857137021464571,
    "monthly_change": -4.971325437373374
}