{
    "open": 242.97500610351562,
    "high": 246.69830322265625,
    "low": 242.97500610351562,
    "close": 244.09500122070312,
    "volume": 1250795.0,
    "weekly_change": -5.312466298255423,
    "monthly_change": 12.886743765317096
}