{
    "open": 201.00999450683594,
    "high": 201.2100067138672,
    "low": 197.58999633789062,
    "close": 198.0500030517578,
    "volume": 1492840.0,
    "weekly_change": -0.9105879371051128,
    "monthly_change": -5.275492004352272
}