{
    "open": 202.82000732421875,
    "high": 205.0800018310547,
    "low": 201.1750030517578,
    "close": 202.1300048828125,
    "volume": 1646340.0,
    "weekly_change": 1.9828496443401016,
    "monthly_change": -5.8239760124987985
}