{
    "open": 229.5,
    "high": 232.77999877929688,
    "low": 228.83009338378906,
    "close": 231.02999877929688,
    "volume": 2333349.0,
    "weekly_change": 2.099169182262959,
    "monthly_change": -0.3493778344497707
}