{
    "open": 249.27999877929688,
    "high": 249.99989318847656,
    "low": 247.27000427246094,
    "close": 247.86000061035156,
    "volume": 986380.0,
    "weekly_change": 3.7678975035596496,
    "monthly_change": 11.312706089077148
}