{
    "open": 249.89999389648438,
    "high": 255.24000549316406,
    "low": 249.13999938964844,
    "close": 254.99000549316406,
    "volume": 1929347.0,
    "weekly_change": 6.900602355302501,
    "monthly_change": 18.160334516773318
}