{
    "open": 205.10000610351562,
    "high": 208.3300018310547,
    "low": 194.17999267578125,
    "close": 194.5800018310547,
    "volume": 3683900.0,
    "weekly_change": -6.113388742555037,
    "monthly_change": -9.417622995885433
}