{
    "open": 222.63999938964844,
    "high": 222.97999572753906,
    "low": 219.7100067138672,
    "close": 220.4499969482422,
    "volume": 1754361.0,
    "weekly_change": -2.1005399597598386,
    "monthly_change": 11.310271926948886
}