{
    "open": 256.0299987792969,
    "high": 256.05999755859375,
    "low": 250.3300018310547,
    "close": 252.42999267578125,
    "volume": 1753248.0,
    "weekly_change": 0.2780745084506464,
    "monthly_change": -1.7705728523721425
}