{
    "open": 234.11500549316406,
    "high": 237.38999938964844,
    "low": 233.61000061035156,
    "close": 234.4600067138672,
    "volume": 1438397.0,
    "weekly_change": 0.747681971483794,
    "monthly_change": 3.6699694540853893
}