{
    "open": 244.00999450683594,
    "high": 246.74000549316406,
    "low": 242.05999755859375,
    "close": 242.41000366210938,
    "volume": 1473689.0,
    "weekly_change": -2.20671337459797,
    "monthly_change": 0.8612829141049648
}