{
    "open": 236.24000549316406,
    "high": 241.8574981689453,
    "low": 236.24000549316406,
    "close": 237.0399932861328,
    "volume": 1461481.0,
    "weekly_change": -5.704515601137277,
    "monthly_change": 9.624010530350017
}