{
    "open": 226.33999633789062,
    "high": 229.8800048828125,
    "low": 226.33999633789062,
    "close": 228.3300018310547,
    "volume": 1990129.0,
    "weekly_change": 0.692365215316417,
    "monthly_change": -1.031600196589759
}