{
    "open": 217.9199981689453,
    "high": 219.33099365234375,
    "low": 211.32000732421875,
    "close": 215.77000427246094,
    "volume": 2469262.0,
    "weekly_change": 1.1627413682746663,
    "monthly_change": 11.659075832562985
}