{
    "open": 256.989990234375,
    "high": 260.7298889160156,
    "low": 254.5487060546875,
    "close": 257.7200012207031,
    "volume": 899230.0,
    "weekly_change": -0.1356244792429153,
    "monthly_change": 4.2345808779385745
}