{
    "open": 241.0500030517578,
    "high": 243.7100067138672,
    "low": 236.1300048828125,
    "close": 239.27000427246094,
    "volume": 1906936.0,
    "weekly_change": -2.628898208357455,
    "monthly_change": -7.227327022983141
}