{
    "open": 258.239990234375,
    "high": 259.9599914550781,
    "low": 256.1000061035156,
    "close": 256.9800109863281,
    "volume": 1385408.0,
    "weekly_change": -0.5341285196918476,
    "monthly_change": 3.2960898172146966
}