{
    "open": 218.25999450683594,
    "high": 227.77999877929688,
    "low": 217.85000610351562,
    "close": 224.16000366210938,
    "volume": 6487100.0,
    "weekly_change": -1.4897821771847477,
    "monthly_change": 4.86527386907322
}