{
    "open": 212.89999389648438,
    "high": 214.49989318847656,
    "low": 207.77999877929688,
    "close": 208.0500030517578,
    "volume": 1737337.0,
    "weekly_change": 0.06733653368404598,
    "monthly_change": 13.354043076276406
}