{
    "open": 221.0,
    "high": 224.92730712890625,
    "low": 219.0399932861328,
    "close": 221.47000122070312,
    "volume": 2057738.0,
    "weekly_change": -0.7350631460543983,
    "monthly_change": 9.987088075782289
}