{
    "open": 212.00999450683594,
    "high": 213.52999877929688,
    "low": 208.72999572753906,
    "close": 210.7100067138672,
    "volume": 4144158.0,
    "weekly_change": 4.956172783065328,
    "monthly_change": -15.350310033806322
}