{
    "open": 248.9499969482422,
    "high": 248.9499969482422,
    "low": 245.99000549316406,
    "close": 247.27999877929688,
    "volume": 1084902.0,
    "weekly_change": 0.18231047478182677,
    "monthly_change": 5.6481249929918835
}