{
    "open": 244.08999633789062,
    "high": 246.1300048828125,
    "low": 242.61500549316406,
    "close": 245.11000061035156,
    "volume": 1189116.0,
    "weekly_change": -2.2882221859685323,
    "monthly_change": 6.190968214493007
}