{
    "open": 233.97000122070312,
    "high": 234.9499969482422,
    "low": 227.4499969482422,
    "close": 231.17999267578125,
    "volume": 3170400.0,
    "weekly_change": -3.0529287231050732,
    "monthly_change": -3.016320253676013
}