{
    "open": 253.7100067138672,
    "high": 256.2650146484375,
    "low": 249.99000549316406,
    "close": 254.75999450683594,
    "volume": 2282801.0,
    "weekly_change": 1.203670134955393,
    "monthly_change": -0.8638868334433595
}