{
    "open": 228.5399932861328,
    "high": 229.40499877929688,
    "low": 225.3300018310547,
    "close": 225.75,
    "volume": 1606474.0,
    "weekly_change": -2.348816008224618,
    "monthly_change": -6.575897794150196
}