{
    "open": 201.32000732421875,
    "high": 203.44000244140625,
    "low": 199.19000244140625,
    "close": 200.83999633789062,
    "volume": 1306466.0,
    "weekly_change": -2.8444295898270413,
    "monthly_change": -1.6406317956124874
}