{
    "open": 249.5,
    "high": 251.2100067138672,
    "low": 245.74000549316406,
    "close": 248.9199981689453,
    "volume": 1176851.0,
    "weekly_change": -2.1348566165791256,
    "monthly_change": 1.7827938558541065
}