{
    "open": 233.5,
    "high": 235.61500549316406,
    "low": 231.89500427246094,
    "close": 234.91000366210938,
    "volume": 1550980.0,
    "weekly_change": 2.500223042782935,
    "monthly_change": 3.8276259280041436
}