{
    "open": 208.10000610351562,
    "high": 215.27000427246094,
    "low": 208.10000610351562,
    "close": 214.80999755859375,
    "volume": 1707287.0,
    "weekly_change": 3.169872067578676,
    "monthly_change": 17.33121881701713
}