{
    "open": 224.91000366210938,
    "high": 228.94000244140625,
    "low": 221.72999572753906,
    "close": 226.99000549316406,
    "volume": 1658398.0,
    "weekly_change": 1.5615237105879474,
    "monthly_change": 10.672841900648399
}