{
    "open": 202.0399932861328,
    "high": 206.02000427246094,
    "low": 201.77000427246094,
    "close": 203.8000030517578,
    "volume": 1543002.0,
    "weekly_change": -5.12545720961276,
    "monthly_change": -2.571942734677383
}