{
    "open": 263.0799865722656,
    "high": 265.6499938964844,
    "low": 256.8599853515625,
    "close": 257.7900085449219,
    "volume": 2049002.0,
    "weekly_change": 3.124255120755817,
    "monthly_change": 21.28440594853707
}