{
    "open": 207.50999450683594,
    "high": 215.0,
    "low": 204.2100067138672,
    "close": 213.47000122070312,
    "volume": 3631800.0,
    "weekly_change": 3.3753032545777844,
    "monthly_change": 0.6838962923417534
}