{
    "open": 210.22999572753906,
    "high": 212.5655975341797,
    "low": 208.5500030517578,
    "close": 208.75999450683594,
    "volume": 1451532.0,
    "weekly_change": -1.7646228868917369,
    "monthly_change": 15.133458015778523
}