{
    "open": 227.75999450683594,
    "high": 228.5050048828125,
    "low": 222.39999389648438,
    "close": 226.49000549316406,
    "volume": 2045003.0,
    "weekly_change": 2.67930166517812,
    "monthly_change": -5.8488494380711105
}