{
    "open": 178.91000366210938,
    "high": 181.52999877929688,
    "low": 178.64999389648438,
    "close": 180.02999877929688,
    "volume": 875324.0,
    "weekly_change": -0.9463555547197386,
    "monthly_change": -3.819849437043757
}