{
    "open": 246.07000732421875,
    "high": 248.0,
    "low": 244.88499450683594,
    "close": 246.5399932861328,
    "volume": 956036.0,
    "weekly_change": 2.8621498748254677,
    "monthly_change": 6.011350135148151
}