{
    "open": 218.5,
    "high": 225.82000732421875,
    "low": 218.0,
    "close": 225.32000732421875,
    "volume": 2820838.0,
    "weekly_change": -2.33626597581147,
    "monthly_change": 14.068753463605319
}