{
    "open": 195.83999633789062,
    "high": 198.60499572753906,
    "low": 193.94000244140625,
    "close": 198.3300018310547,
    "volume": 1152724.0,
    "weekly_change": 0.42025409167325944,
    "monthly_change": -7.594466142167578
}