{
    "open": 255.39999389648438,
    "high": 257.3349914550781,
    "low": 252.5500030517578,
    "close": 256.94000244140625,
    "volume": 1325342.0,
    "weekly_change": 0.320165289650094,
    "monthly_change": 7.569288195953872
}