{
    "open": 208.48500061035156,
    "high": 216.52000427246094,
    "low": 208.48500061035156,
    "close": 216.3800048828125,
    "volume": 2461524.0,
    "weekly_change": 3.067544234788527,
    "monthly_change": 16.87372020965382
}