{
    "open": 253.16000366210938,
    "high": 257.0849914550781,
    "low": 253.16000366210938,
    "close": 256.3699951171875,
    "volume": 1410515.0,
    "weekly_change": 0.825890120517847,
    "monthly_change": 0.3797968848410678
}