{
    "open": 239.5,
    "high": 246.24989318847656,
    "low": 236.50010681152344,
    "close": 242.41000366210938,
    "volume": 3658127.0,
    "weekly_change": 9.961445687396862,
    "monthly_change": 13.196362629496642
}