{
    "open": 240.4499969482422,
    "high": 243.0540008544922,
    "low": 239.94000244140625,
    "close": 242.52999877929688,
    "volume": 1903388.0,
    "weekly_change": -0.13177159406055186,
    "monthly_change": 3.867237164581103
}