{
    "open": 236.10000610351562,
    "high": 237.2899932861328,
    "low": 233.1300048828125,
    "close": 236.6199951171875,
    "volume": 1851291.0,
    "weekly_change": -2.388518814179161,
    "monthly_change": 8.71582896975654
}