{
    "open": 239.13999938964844,
    "high": 242.14999389648438,
    "low": 233.22999572753906,
    "close": 239.27999877929688,
    "volume": 7241500.0,
    "weekly_change": 13.001180061061099,
    "monthly_change": 0.4787097474469849
}