{
    "open": 239.55999755859375,
    "high": 241.5500030517578,
    "low": 233.85000610351562,
    "close": 241.10000610351562,
    "volume": 1623686.0,
    "weekly_change": -1.326017141252025,
    "monthly_change": -3.2620429977903744
}