{
    "open": 183.39999389648438,
    "high": 183.7949981689453,
    "low": 179.5800018310547,
    "close": 181.32000732421875,
    "volume": 1091763.0,
    "weekly_change": -1.3170774445390703,
    "monthly_change": -3.130668650956042
}