{
    "open": 234.27999877929688,
    "high": 235.99000549316406,
    "low": 232.61000061035156,
    "close": 233.27000427246094,
    "volume": 989000.0,
    "weekly_change": 0.6211458525784971,
    "monthly_change": 4.226802563362052
}