{
    "open": 219.27000427246094,
    "high": 221.22000122070312,
    "low": 216.67999267578125,
    "close": 218.19000244140625,
    "volume": 1244908.0,
    "weekly_change": 1.9913102002865026,
    "monthly_change": 8.638720583486865
}