{
    "open": 224.36000061035156,
    "high": 228.7899932861328,
    "low": 221.6999969482422,
    "close": 225.99000549316406,
    "volume": 1776679.0,
    "weekly_change": 1.7972997716955237,
    "monthly_change": 12.231825987363607
}