{
    "open": 224.43499755859375,
    "high": 232.77999877929688,
    "low": 224.1999969482422,
    "close": 232.55999755859375,
    "volume": 2343507.0,
    "weekly_change": 2.354645784357542,
    "monthly_change": -2.4742132807003454
}