{
    "open": 257.7099914550781,
    "high": 257.7099914550781,
    "low": 250.1999969482422,
    "close": 251.60000610351562,
    "volume": 1317300.0,
    "weekly_change": -1.7532860707494449,
    "monthly_change": 2.714843534649474
}