{
    "open": 203.39999389648438,
    "high": 206.375,
    "low": 199.5500030517578,
    "close": 201.75,
    "volume": 1622799.0,
    "weekly_change": -3.274523813930562,
    "monthly_change": 1.0164223747693648
}