{
    "open": 190.5,
    "high": 197.1699981689453,
    "low": 190.35000610351562,
    "close": 194.72000122070312,
    "volume": 1578254.0,
    "weekly_change": -2.9457227325301587,
    "monthly_change": -7.92509686279204
}