{
    "open": 247.3699951171875,
    "high": 249.0,
    "low": 242.25,
    "close": 243.1999969482422,
    "volume": 2248400.0,
    "weekly_change": -5.885997638758375,
    "monthly_change": 14.673705605669523
}