{
    "open": 217.3300018310547,
    "high": 220.2899932861328,
    "low": 212.77999877929688,
    "close": 214.38999938964844,
    "volume": 1987700.0,
    "weekly_change": -5.546742697538567,
    "monthly_change": -3.4279282028610645
}