{
    "open": 262.75,
    "high": 264.3399963378906,
    "low": 257.5400085449219,
    "close": 259.2300109863281,
    "volume": 1326792.0,
    "weekly_change": 2.88129925405917,
    "monthly_change": 3.4767709425688595
}