{
    "open": 219.0,
    "high": 226.57000732421875,
    "low": 218.39999389648438,
    "close": 222.6699981689453,
    "volume": 3140544.0,
    "weekly_change": -1.438562334605552,
    "monthly_change": -6.621659020528593
}