{
    "open": 234.05999755859375,
    "high": 241.42999267578125,
    "low": 233.1999969482422,
    "close": 240.6999969482422,
    "volume": 2060730.0,
    "weekly_change": -5.518918928307827,
    "monthly_change": -6.225649128689116
}