{
    "open": 186.9199981689453,
    "high": 191.60499572753906,
    "low": 186.9199981689453,
    "close": 190.08999633789062,
    "volume": 1427414.0,
    "weekly_change": 3.4109393775689334,
    "monthly_change": 3.0074798166663124
}