{
    "open": 234.8300018310547,
    "high": 235.8699951171875,
    "low": 232.60499572753906,
    "close": 233.27000427246094,
    "volume": 937886.0,
    "weekly_change": 0.6211458525784971,
    "monthly_change": 4.226802563362052
}