{
    "open": 184.77000427246094,
    "high": 185.77000427246094,
    "low": 183.64999389648438,
    "close": 184.0800018310547,
    "volume": 1106900.0,
    "weekly_change": -0.706617165384648,
    "monthly_change": -2.059055695676985
}