{
    "open": 207.3054962158203,
    "high": 214.22999572753906,
    "low": 204.2100067138672,
    "close": 213.47000122070312,
    "volume": 3630650.0,
    "weekly_change": 3.3753032545777844,
    "monthly_change": 0.6838962923417534
}