{
    "open": 194.05999755859375,
    "high": 195.88999938964844,
    "low": 188.2274932861328,
    "close": 193.0500030517578,
    "volume": 1858969.0,
    "weekly_change": -4.312266145349287,
    "monthly_change": -9.489423260107026
}