{
    "open": 243.0,
    "high": 243.5,
    "low": 238.0,
    "close": 239.57000732421875,
    "volume": 1545549.0,
    "weekly_change": -1.4925944365023869,
    "monthly_change": 5.060741396613825
}