{
    "open": 243.1999969482422,
    "high": 250.47000122070312,
    "low": 242.4499969482422,
    "close": 247.14999389648438,
    "volume": 3773941.0,
    "weekly_change": 1.8587184793029405,
    "monthly_change": 8.886244844746962
}