{
    "open": 233.64999389648438,
    "high": 233.64999389648438,
    "low": 229.58999633789062,
    "close": 232.17999267578125,
    "volume": 1376166.0,
    "weekly_change": 4.270891716458571,
    "monthly_change": -2.7436866623301444
}