{
    "open": 200.7100067138672,
    "high": 202.38999938964844,
    "low": 198.02000427246094,
    "close": 200.6300048828125,
    "volume": 2581303.0,
    "weekly_change": -3.3992958137624005,
    "monthly_change": 2.576823272809429
}