{
    "open": 227.875,
    "high": 228.66000366210938,
    "low": 224.49000549316406,
    "close": 226.10000610351562,
    "volume": 1374780.0,
    "weekly_change": -2.1508638348418887,
    "monthly_change": -6.8972615108192565
}