{
    "open": 204.47999572753906,
    "high": 206.72000122070312,
    "low": 203.49000549316406,
    "close": 205.3300018310547,
    "volume": 1294957.0,
    "weekly_change": -1.221914343482272,
    "monthly_change": -2.2656930790652083
}