{
    "open": 204.47999572753906,
    "high": 206.1999969482422,
    "low": 202.0,
    "close": 203.6300048828125,
    "volume": 1262843.0,
    "weekly_change": -0.34258157978237724,
    "monthly_change": -2.4573624061172574
}