{
    "open": 256.2300109863281,
    "high": 257.0050048828125,
    "low": 252.14999389648438,
    "close": 254.27000427246094,
    "volume": 1318012.0,
    "weekly_change": -2.3090496907263636,
    "monthly_change": -2.188793418082734
}