{
    "open": 262.2200012207031,
    "high": 262.95001220703125,
    "low": 260.3699951171875,
    "close": 262.2900085449219,
    "volume": 1271240.0,
    "weekly_change": 1.7732451119714,
    "monthly_change": 4.232240176881649
}