{
    "open": 213.08999633789062,
    "high": 216.1699981689453,
    "low": 210.81500244140625,
    "close": 212.52999877929688,
    "volume": 2111206.0,
    "weekly_change": 0.49650230422294284,
    "monthly_change": 8.66097589783765
}