{
    "open": 217.97000122070312,
    "high": 224.11000061035156,
    "low": 216.39999389648438,
    "close": 218.4600067138672,
    "volume": 2967050.0,
    "weekly_change": -7.674748025553152,
    "monthly_change": 2.558571122284287
}