{
    "open": 208.1300048828125,
    "high": 211.75469970703125,
    "low": 207.06500244140625,
    "close": 209.97000122070312,
    "volume": 1491362.0,
    "weekly_change": -2.157504543862476,
    "monthly_change": -1.6579988652566202
}