{
    "open": 215.4600067138672,
    "high": 217.36000061035156,
    "low": 211.5800018310547,
    "close": 216.02999877929688,
    "volume": 1042200.0,
    "weekly_change": 1.0572084304004867,
    "monthly_change": 8.08525744578843
}