{
    "open": 234.39999389648438,
    "high": 235.6699981689453,
    "low": 232.24000549316406,
    "close": 234.74000549316406,
    "volume": 1212284.0,
    "weekly_change": 1.6058549683893475,
    "monthly_change": 3.7524886157631214
}