{
    "open": 236.24000549316406,
    "high": 236.5,
    "low": 232.63999938964844,
    "close": 233.5800018310547,
    "volume": 1197079.0,
    "weekly_change": -2.500315277386777,
    "monthly_change": -3.7339258083513944
}