{
    "open": 212.07000732421875,
    "high": 215.9678955078125,
    "low": 211.0,
    "close": 213.3000030517578,
    "volume": 1700905.0,
    "weekly_change": 0.8987744607995636,
    "monthly_change": -0.09835204930952388
}