{
    "open": 226.0,
    "high": 227.2050018310547,
    "low": 223.0399932861328,
    "close": 224.75,
    "volume": 1894152.0,
    "weekly_change": -2.970256330259661,
    "monthly_change": -6.09200757092997
}