{
    "open": 210.00999450683594,
    "high": 215.8441925048828,
    "low": 206.27499389648438,
    "close": 212.50999450683594,
    "volume": 3421379.0,
    "weekly_change": 15.784026523058573,
    "monthly_change": 18.880063234008084
}