{
    "open": 228.6699981689453,
    "high": 230.07000732421875,
    "low": 226.75,
    "close": 229.02999877929688,
    "volume": 1089300.0,
    "weekly_change": -1.5136547952130117,
    "monthly_change": 0.13116034510627683
}