{
    "open": 252.7100067138672,
    "high": 254.8000030517578,
    "low": 249.33999633789062,
    "close": 250.7100067138672,
    "volume": 1012800.0,
    "weekly_change": -2.564995883311388,
    "monthly_change": 1.906350036565397
}