{
    "open": 240.16000366210938,
    "high": 240.9875030517578,
    "low": 237.00999450683594,
    "close": 240.11000061035156,
    "volume": 952944.0,
    "weekly_change": -0.5508622504994625,
    "monthly_change": 4.769180680633362
}