{
    "open": 244.4499969482422,
    "high": 251.24000549316406,
    "low": 237.1999969482422,
    "close": 239.57000732421875,
    "volume": 4352961.0,
    "weekly_change": 10.794067454956298,
    "monthly_change": 8.564829524674922
}