{
    "open": 209.85000610351562,
    "high": 211.3699951171875,
    "low": 207.625,
    "close": 208.2100067138672,
    "volume": 1120066.0,
    "weekly_change": -1.6253188196639619,
    "monthly_change": 11.258954468813698
}