{
    "open": 250.1114959716797,
    "high": 252.75,
    "low": 249.24000549316406,
    "close": 251.72999572753906,
    "volume": 1492088.0,
    "weekly_change": -1.1000679940228566,
    "monthly_change": -2.5661828456143088
}