{
    "open": 235.0800018310547,
    "high": 236.47999572753906,
    "low": 232.23500061035156,
    "close": 233.5800018310547,
    "volume": 1456786.0,
    "weekly_change": -2.958037061678283,
    "monthly_change": -10.945901779918575
}