{
    "open": 237.02000427246094,
    "high": 240.80999755859375,
    "low": 230.6699981689453,
    "close": 238.72000122070312,
    "volume": 2660138.0,
    "weekly_change": -0.23403442053268786,
    "monthly_change": 8.179636199542948
}