{
    "open": 227.11000061035156,
    "high": 227.97999572753906,
    "low": 224.38999938964844,
    "close": 225.4499969482422,
    "volume": 1772596.0,
    "weekly_change": 2.71070476001922,
    "monthly_change": 8.321717993127278
}