{
    "open": 229.52000427246094,
    "high": 230.39990234375,
    "low": 227.1999969482422,
    "close": 229.17999267578125,
    "volume": 1651221.0,
    "weekly_change": 1.6815268185793681,
    "monthly_change": 1.7131125626177828
}