{
    "open": 245.99000549316406,
    "high": 248.52999877929688,
    "low": 242.3300018310547,
    "close": 243.17999267578125,
    "volume": 1552813.0,
    "weekly_change": 0.8627069761966694,
    "monthly_change": -4.896364654628912
}