{
    "open": 210.77999877929688,
    "high": 213.63999938964844,
    "low": 209.5050048828125,
    "close": 211.47999572753906,
    "volume": 1903057.0,
    "weekly_change": 8.12413706588436,
    "monthly_change": -13.035610618882648
}