{
    "open": 191.47000122070312,
    "high": 201.125,
    "low": 188.55999755859375,
    "close": 197.52999877929688,
    "volume": 3595416.0,
    "weekly_change": -5.996290777484409,
    "monthly_change": -2.178969967848711
}