{
    "open": 207.66000366210938,
    "high": 215.3699951171875,
    "low": 206.5800018310547,
    "close": 214.14999389648438,
    "volume": 1819197.0,
    "weekly_change": 8.129255539834068,
    "monthly_change": 3.11040077959488
}