{
    "open": 251.39999389648438,
    "high": 252.16250610351562,
    "low": 247.806396484375,
    "close": 250.85000610351562,
    "volume": 3600493.0,
    "weekly_change": 1.4560186465179474,
    "monthly_change": 9.699570609251214
}