{
    "open": 222.83999633789062,
    "high": 226.38999938964844,
    "low": 221.6199951171875,
    "close": 225.99000549316406,
    "volume": 1873700.0,
    "weekly_change": 0.8974059308716482,
    "monthly_change": -6.819772139274311
}