{
    "open": 248.94000244140625,
    "high": 246.67999267578125,
    "low": 241.50999450683594,
    "close": 245.49000549316406,
    "volume": 1451725.0,
    "weekly_change": -2.73001000726966,
    "monthly_change": 0.38027802741840205
}