{
    "open": 193.0,
    "high": 194.0,
    "low": 187.6300048828125,
    "close": 189.69000244140625,
    "volume": 1866426.0,
    "weekly_change": -5.551679993922011,
    "monthly_change": -11.310081302205061
}