{
    "open": 206.75999450683594,
    "high": 207.44830322265625,
    "low": 198.7100067138672,
    "close": 204.3300018310547,
    "volume": 1889171.0,
    "weekly_change": -1.7880322836513867,
    "monthly_change": -3.8492272774107663
}