{
    "open": 207.7100067138672,
    "high": 209.0449981689453,
    "low": 197.4499969482422,
    "close": 200.75999450683594,
    "volume": 5728539.0,
    "weekly_change": -16.09479210848886,
    "monthly_change": -21.977382763326343
}