{
    "open": 246.1999969482422,
    "high": 250.3800048828125,
    "low": 244.38999938964844,
    "close": 247.39999389648438,
    "volume": 3833579.0,
    "weekly_change": 1.161267732352751,
    "monthly_change": 5.111101257111087
}