{
    "open": 237.6999969482422,
    "high": 242.08999633789062,
    "low": 235.6699981689453,
    "close": 238.5,
    "volume": 2510600.0,
    "weekly_change": 1.7231055064598642,
    "monthly_change": 1.6364085391475132
}