{
    "open": 214.27999877929688,
    "high": 215.52000427246094,
    "low": 209.32000732421875,
    "close": 210.47000122070312,
    "volume": 1439400.0,
    "weekly_change": -1.423817790429235,
    "monthly_change": -0.7123287750117493
}