{
    "open": 217.0,
    "high": 230.5,
    "low": 214.02999877929688,
    "close": 229.97000122070312,
    "volume": 3381022.0,
    "weekly_change": 9.270167197780681,
    "monthly_change": -5.033862841534806
}