{
    "open": 219.35000610351562,
    "high": 227.02000427246094,
    "low": 218.2100067138672,
    "close": 225.17999267578125,
    "volume": 2044633.0,
    "weekly_change": 5.713346078958165,
    "monthly_change": 14.48471700683523
}