{
    "open": 255.0,
    "high": 256.57000732421875,
    "low": 254.39500427246094,
    "close": 255.6999969482422,
    "volume": 1047809.0,
    "weekly_change": 2.8642670628132607,
    "monthly_change": 2.5507342198452876
}