{
    "open": 237.6699981689453,
    "high": 238.14999389648438,
    "low": 211.1300048828125,
    "close": 220.3000030517578,
    "volume": 9094800.0,
    "weekly_change": -10.312258815098492,
    "monthly_change": -13.955394249850798
}