{
    "open": 184.0,
    "high": 185.6300048828125,
    "low": 182.57000732421875,
    "close": 185.49000549316406,
    "volume": 1638300.0,
    "weekly_change": -0.49353476255111295,
    "monthly_change": -0.8922836804172409
}