{
    "open": 209.3300018310547,
    "high": 210.35000610351562,
    "low": 203.89999389648438,
    "close": 208.5800018310547,
    "volume": 1633770.0,
    "weekly_change": -2.818805811918562,
    "monthly_change": 7.587562327515155
}