{
    "open": 251.63999938964844,
    "high": 254.1199951171875,
    "low": 250.8699951171875,
    "close": 251.27999877929688,
    "volume": 1494747.0,
    "weekly_change": 0.3033667946170803,
    "monthly_change": 8.389766982107995
}