{
    "open": 210.67999267578125,
    "high": 212.80999755859375,
    "low": 208.1699981689453,
    "close": 209.1999969482422,
    "volume": 1257761.0,
    "weekly_change": -1.0874718920840722,
    "monthly_change": 8.018794302744556
}