{
    "open": 210.69000244140625,
    "high": 213.3199005126953,
    "low": 207.91000366210938,
    "close": 212.0500030517578,
    "volume": 1710039.0,
    "weekly_change": -1.7377200866399405,
    "monthly_change": -4.253396901171248
}