{
    "open": 252.6199951171875,
    "high": 253.0500030517578,
    "low": 239.4600067138672,
    "close": 244.1199951171875,
    "volume": 2075720.0,
    "weekly_change": -2.250344459182129,
    "monthly_change": 5.301295427279987
}