{
    "open": 255.9499969482422,
    "high": 258.0299987792969,
    "low": 254.39999389648438,
    "close": 255.1199951171875,
    "volume": 956100.0,
    "weekly_change": -2.733620494166243,
    "monthly_change": 4.083878455350627
}