{
    "open": 218.0,
    "high": 219.86500549316406,
    "low": 215.72999572753906,
    "close": 217.64999389648438,
    "volume": 1135868.0,
    "weekly_change": 1.634368479922454,
    "monthly_change": 8.369845581112651
}