{
    "open": 210.30999755859375,
    "high": 213.67999267578125,
    "low": 209.3699951171875,
    "close": 211.47999572753906,
    "volume": 2234800.0,
    "weekly_change": 8.12413706588436,
    "monthly_change": -13.035610618882648
}