{
    "open": 250.32000732421875,
    "high": 255.27000427246094,
    "low": 249.13999938964844,
    "close": 254.99000549316406,
    "volume": 2033700.0,
    "weekly_change": 6.900602355302501,
    "monthly_change": 18.160334516773318
}