{
    "open": 205.0,
    "high": 211.5,
    "low": 204.97000122070312,
    "close": 208.92999267578125,
    "volume": 2295783.0,
    "weekly_change": -0.7316997842875436,
    "monthly_change": 0.18220552311818086
}