{
    "open": 250.74000549316406,
    "high": 256.2900085449219,
    "low": 249.89500427246094,
    "close": 256.0899963378906,
    "volume": 918196.0,
    "weekly_change": 3.512531388760773,
    "monthly_change": 4.072007443178421
}