{
    "open": 225.05999755859375,
    "high": 227.02000427246094,
    "low": 222.16000366210938,
    "close": 223.5,
    "volume": 1857914.0,
    "weekly_change": 3.457853660562539,
    "monthly_change": 10.572401227406605
}