{
    "open": 257.6400146484375,
    "high": 257.75,
    "low": 251.38999938964844,
    "close": 255.64999389648438,
    "volume": 1486741.0,
    "weekly_change": 1.6218096169975518,
    "monthly_change": -0.517556632027115
}