{
    "open": 234.86000061035156,
    "high": 238.3699951171875,
    "low": 234.02000427246094,
    "close": 235.47000122070312,
    "volume": 1759800.0,
    "weekly_change": 0.8091443509001465,
    "monthly_change": -7.861166273991873
}