{
    "open": 204.5,
    "high": 207.97000122070312,
    "low": 202.92999267578125,
    "close": 207.30999755859375,
    "volume": 2414205.0,
    "weekly_change": 2.9497951956295467,
    "monthly_change": -15.600702911886039
}