{
    "open": 246.0500030517578,
    "high": 248.50999450683594,
    "low": 242.72999572753906,
    "close": 245.52000427246094,
    "volume": 1172682.0,
    "weekly_change": 3.060071643228074,
    "monthly_change": -3.981225184700274
}