{
    "open": 217.0,
    "high": 220.92999267578125,
    "low": 211.94700622558594,
    "close": 215.88999938964844,
    "volume": 1951489.0,
    "weekly_change": 2.986211115310236,
    "monthly_change": 3.6885800048676276
}