{
    "open": 247.5399932861328,
    "high": 250.9600067138672,
    "low": 246.7218017578125,
    "close": 247.72999572753906,
    "volume": 1701164.0,
    "weekly_change": -0.052450932983282864,
    "monthly_change": 6.527625231809907
}