{
    "open": 227.8300018310547,
    "high": 234.72000122070312,
    "low": 226.5,
    "close": 228.02999877929688,
    "volume": 2670178.0,
    "weekly_change": 7.520745384068854,
    "monthly_change": -5.834987061913153
}