{
    "open": 187.5500030517578,
    "high": 189.0,
    "low": 184.4250030517578,
    "close": 185.13999938964844,
    "volume": 1509188.0,
    "weekly_change": 2.8384161778593553,
    "monthly_change": 1.0479195263362766
}