{
    "open": 248.5399932861328,
    "high": 249.4600067138672,
    "low": 247.66009521484375,
    "close": 249.22999572753906,
    "volume": 628290.0,
    "weekly_change": 3.60839433201488,
    "monthly_change": 4.249796332478326
}