{
    "open": 228.75,
    "high": 233.75999450683594,
    "low": 228.39500427246094,
    "close": 232.33999633789062,
    "volume": 2890836.0,
    "weekly_change": 2.5557242145832264,
    "monthly_change": 9.905394061487002
}