{
    "open": 222.25999450683594,
    "high": 223.88999938964844,
    "low": 217.36000061035156,
    "close": 222.3800048828125,
    "volume": 2681273.0,
    "weekly_change": 1.7943779403429279,
    "monthly_change": -1.2434443041306202
}