{
    "open": 213.9499969482422,
    "high": 214.8000030517578,
    "low": 211.4600067138672,
    "close": 212.77000427246094,
    "volume": 1059740.0,
    "weekly_change": 0.3300782402350805,
    "monthly_change": 4.135667896112385
}