{
    "open": 238.24000549316406,
    "high": 244.24000549316406,
    "low": 236.62939453125,
    "close": 240.4600067138672,
    "volume": 2096308.0,
    "weekly_change": 1.2250067879289137,
    "monthly_change": -8.322849182154762
}