{
    "open": 259.2300109863281,
    "high": 263.0,
    "low": 258.2200012207031,
    "close": 261.3500061035156,
    "volume": 1001678.0,
    "weekly_change": 1.8193912891501376,
    "monthly_change": 4.6488349303209064
}