{
    "open": 194.77000427246094,
    "high": 204.50999450683594,
    "low": 192.62530517578125,
    "close": 204.19000244140625,
    "volume": 1957116.0,
    "weekly_change": 2.5410522947415917,
    "monthly_change": -16.870904049843926
}