{
    "open": 228.66000366210938,
    "high": 228.66000366210938,
    "low": 223.72000122070312,
    "close": 225.38999938964844,
    "volume": 2127607.0,
    "weekly_change": -0.2743219911758139,
    "monthly_change": -3.398768937783748
}