{
    "open": 240.08999633789062,
    "high": 242.27499389648438,
    "low": 237.0500030517578,
    "close": 238.3699951171875,
    "volume": 3436373.0,
    "weekly_change": 3.5355946404488283,
    "monthly_change": 5.119951001763481
}