{
    "open": 249.38999938964844,
    "high": 255.3300018310547,
    "low": 249.38999938964844,
    "close": 251.63999938964844,
    "volume": 1509987.0,
    "weekly_change": 1.5783327532164153,
    "monthly_change": 8.54505344525262
}