{
    "open": 209.17999267578125,
    "high": 210.5,
    "low": 207.8249969482422,
    "close": 210.08999633789062,
    "volume": 1338149.0,
    "weekly_change": 0.63227093855255,
    "monthly_change": 16.697215887583837
}