{
    "open": 232.10000610351562,
    "high": 232.4499969482422,
    "low": 227.7449951171875,
    "close": 228.36000061035156,
    "volume": 1362007.0,
    "weekly_change": -3.2946552042880723,
    "monthly_change": -1.4117360460771546
}