{
    "open": 232.92999267578125,
    "high": 235.8000030517578,
    "low": 229.58999633789062,
    "close": 230.22999572753906,
    "volume": 2011400.0,
    "weekly_change": -1.40043009527235,
    "monthly_change": 0.31808092703227125
}