{
    "open": 209.77999877929688,
    "high": 221.0800018310547,
    "low": 208.50999450683594,
    "close": 217.0500030517578,
    "volume": 2366348.0,
    "weekly_change": 4.6982806463114075,
    "monthly_change": 8.114170646865203
}