{
    "open": 215.00999450683594,
    "high": 215.00999450683594,
    "low": 206.4499969482422,
    "close": 209.89999389648438,
    "volume": 1542702.0,
    "weekly_change": -1.0092432830634273,
    "monthly_change": 9.682813007310695
}