{
    "open": 225.63499450683594,
    "high": 228.30169677734375,
    "low": 224.3070068359375,
    "close": 226.16000366210938,
    "volume": 1965561.0,
    "weekly_change": -0.07952314159824796,
    "monthly_change": 6.203337357679277
}