{
    "open": 208.0,
    "high": 209.08999633789062,
    "low": 202.00999450683594,
    "close": 208.5500030517578,
    "volume": 2104832.0,
    "weekly_change": -0.26780046719871153,
    "monthly_change": 12.778501577327415
}