{
    "open": 226.38999938964844,
    "high": 227.66000366210938,
    "low": 219.41000366210938,
    "close": 226.25,
    "volume": 2027284.0,
    "weekly_change": -2.4111440761686325,
    "monthly_change": 6.2455990807036255
}