{
    "open": 239.53500366210938,
    "high": 242.125,
    "low": 233.22999572753906,
    "close": 239.27999877929688,
    "volume": 6874964.0,
    "weekly_change": 13.001180061061099,
    "monthly_change": 0.4787097474469849
}