{
    "open": 247.6999969482422,
    "high": 251.33999633789062,
    "low": 246.83999633789062,
    "close": 247.8800048828125,
    "volume": 1362400.0,
    "weekly_change": -0.5855424226042066,
    "monthly_change": -1.7908039314476514
}