{
    "open": 240.08999633789062,
    "high": 242.27999877929688,
    "low": 236.97999572753906,
    "close": 238.3699951171875,
    "volume": 3448500.0,
    "weekly_change": 3.5355946404488283,
    "monthly_change": 5.119951001763481
}