{
    "open": 240.25,
    "high": 240.9499969482422,
    "low": 236.28500366210938,
    "close": 238.22999572753906,
    "volume": 1267230.0,
    "weekly_change": -2.9573545167512583,
    "monthly_change": -4.163651954009526
}