{
    "open": 225.4499969482422,
    "high": 227.49000549316406,
    "low": 223.0500030517578,
    "close": 226.5500030517578,
    "volume": 1523800.0,
    "weekly_change": 0.5458883754469216,
    "monthly_change": 10.83117215057926
}