{
    "open": 230.4499969482422,
    "high": 231.28990173339844,
    "low": 227.8699951171875,
    "close": 228.72999572753906,
    "volume": 1273598.0,
    "weekly_change": -2.218708311402194,
    "monthly_change": -5.891794751868111
}