{
    "open": 230.63999938964844,
    "high": 235.00999450683594,
    "low": 230.63999938964844,
    "close": 234.89999389648438,
    "volume": 1126917.0,
    "weekly_change": 2.562980897032654,
    "monthly_change": 4.875434582215533
}