{
    "open": 251.4600067138672,
    "high": 255.97500610351562,
    "low": 250.0,
    "close": 252.77999877929688,
    "volume": 1264064.0,
    "weekly_change": -0.9172140101428604,
    "monthly_change": -2.1597719804298166
}