{
    "open": 217.3300018310547,
    "high": 220.28500366210938,
    "low": 212.82000732421875,
    "close": 214.38999938964844,
    "volume": 1933936.0,
    "weekly_change": -5.546742697538567,
    "monthly_change": -3.4279282028610645
}