{
    "open": 228.02000427246094,
    "high": 228.39999389648438,
    "low": 223.1649932861328,
    "close": 226.00999450683594,
    "volume": 4749713.0,
    "weekly_change": -0.3219594992689254,
    "monthly_change": 5.958739462368414
}