{
    "open": 215.17999267578125,
    "high": 215.3300018310547,
    "low": 209.0446014404297,
    "close": 215.24000549316406,
    "volume": 1648217.0,
    "weekly_change": 2.4513347827331136,
    "monthly_change": 16.25797029423485
}