{
    "open": 193.90199279785156,
    "high": 202.1300048828125,
    "low": 193.90199279785156,
    "close": 199.8699951171875,
    "volume": 1471016.0,
    "weekly_change": 5.3666469211659,
    "monthly_change": -7.915230450595093
}