{
    "open": 190.91000366210938,
    "high": 192.5,
    "low": 189.875,
    "close": 191.22999572753906,
    "volume": 1210004.0,
    "weekly_change": 3.094501085982521,
    "monthly_change": 3.884177436637854
}