{
    "open": 219.8800048828125,
    "high": 220.79440307617188,
    "low": 214.2899932861328,
    "close": 215.8000030517578,
    "volume": 2163947.0,
    "weekly_change": -0.9501042418972306,
    "monthly_change": -4.165551971364054
}