{
    "open": 248.0,
    "high": 251.1999969482422,
    "low": 245.7100067138672,
    "close": 250.52000427246094,
    "volume": 1659824.0,
    "weekly_change": 1.6143470003704221,
    "monthly_change": 7.727370881480318
}