{
    "open": 226.66000366210938,
    "high": 227.6699981689453,
    "low": 224.0,
    "close": 227.2100067138672,
    "volume": 1544100.0,
    "weekly_change": 2.0114089131525996,
    "monthly_change": -6.316741080500698
}