{
    "open": 248.94000244140625,
    "high": 250.49000549316406,
    "low": 244.77000427246094,
    "close": 247.49000549316406,
    "volume": 1103039.0,
    "weekly_change": -3.5765798318138753,
    "monthly_change": 1.198073259658222
}