{
    "open": 233.39999389648438,
    "high": 239.85000610351562,
    "low": 231.5,
    "close": 239.08999633789062,
    "volume": 1810942.0,
    "weekly_change": -0.520096537840769,
    "monthly_change": -8.845175741056805
}