{
    "open": 212.3300018310547,
    "high": 214.0399932861328,
    "low": 208.3800048828125,
    "close": 209.94000244140625,
    "volume": 1759020.0,
    "weekly_change": 13.530177655313588,
    "monthly_change": 17.442385820490706
}