{
    "open": 232.42999267578125,
    "high": 232.93499755859375,
    "low": 225.33999633789062,
    "close": 226.33999633789062,
    "volume": 2736475.0,
    "weekly_change": -3.7547314282458957,
    "monthly_change": 15.332482210390127
}