{
    "open": 213.2100067138672,
    "high": 213.5500030517578,
    "low": 207.4199981689453,
    "close": 212.02000427246094,
    "volume": 1202860.0,
    "weekly_change": -2.0149738940586768,
    "monthly_change": 12.854638730473916
}