{
    "open": 219.6699981689453,
    "high": 221.47999572753906,
    "low": 216.32000732421875,
    "close": 217.8699951171875,
    "volume": 2696986.0,
    "weekly_change": -8.488746034288308,
    "monthly_change": 1.1748856795404818
}