{
    "open": 248.5800018310547,
    "high": 248.5800018310547,
    "low": 243.4600067138672,
    "close": 244.0399932861328,
    "volume": 1081260.0,
    "weekly_change": 1.4086845940692798,
    "monthly_change": 9.597159605208038
}