{
    "open": 218.27000427246094,
    "high": 227.77499389648438,
    "low": 217.85000610351562,
    "close": 224.16000366210938,
    "volume": 4671943.0,
    "weekly_change": -1.4897821771847477,
    "monthly_change": 4.86527386907322
}