{
    "open": 241.39999389648438,
    "high": 250.4499969482422,
    "low": 241.39999389648438,
    "close": 248.77999877929688,
    "volume": 2170915.0,
    "weekly_change": 3.249637655208865,
    "monthly_change": 11.725872737709931
}