{
    "open": 204.8300018310547,
    "high": 212.85000610351562,
    "low": 202.25999450683594,
    "close": 212.07000732421875,
    "volume": 2639715.0,
    "weekly_change": 7.360911575343873,
    "monthly_change": 3.282523466156559
}