{
    "open": 249.22999572753906,
    "high": 251.72000122070312,
    "low": 248.75999450683594,
    "close": 251.60000610351562,
    "volume": 461996.0,
    "weekly_change": 2.0068973563845707,
    "monthly_change": 4.03573019906461
}