{
    "open": 244.97000122070312,
    "high": 245.02999877929688,
    "low": 239.0,
    "close": 240.13999938964844,
    "volume": 1718300.0,
    "weekly_change": -3.5272372022667997,
    "monthly_change": -0.17044425562578638
}