{
    "open": 209.1300048828125,
    "high": 211.60499572753906,
    "low": 207.5,
    "close": 211.08999633789062,
    "volume": 1372959.0,
    "weekly_change": -0.6775525571341247,
    "monthly_change": 10.889890555301768
}