{
    "open": 183.27999877929688,
    "high": 184.6875,
    "low": 179.6300048828125,
    "close": 183.82000732421875,
    "volume": 2048885.0,
    "weekly_change": 0.24541212794582762,
    "monthly_change": -0.8468590919674769
}