{
    "open": 244.2100067138672,
    "high": 247.90199279785156,
    "low": 242.19000244140625,
    "close": 247.50999450683594,
    "volume": 1013738.0,
    "weekly_change": 0.5851941072687816,
    "monthly_change": -2.8458157310116685
}