{
    "open": 246.9499969482422,
    "high": 249.49000549316406,
    "low": 246.22999572753906,
    "close": 248.72999572753906,
    "volume": 1332837.0,
    "weekly_change": 1.5431715968118942,
    "monthly_change": 6.26762296930849
}