{
    "open": 242.35000610351562,
    "high": 244.5,
    "low": 237.30999755859375,
    "close": 242.85000610351562,
    "volume": 3225280.0,
    "weekly_change": -0.08228633850278039,
    "monthly_change": 6.700351314166525
}