{
    "open": 251.61000061035156,
    "high": 253.67999267578125,
    "low": 244.2949981689453,
    "close": 246.10000610351562,
    "volume": 2355010.0,
    "weekly_change": -3.4864109173434903,
    "monthly_change": 16.934333485080195
}