{
    "open": 207.24000549316406,
    "high": 213.75999450683594,
    "low": 206.0,
    "close": 212.0800018310547,
    "volume": 1832274.0,
    "weekly_change": -1.0774744928262197,
    "monthly_change": -6.155141078807636
}