{
    "open": 183.82000732421875,
    "high": 185.6300048828125,
    "low": 182.56500244140625,
    "close": 185.49000549316406,
    "volume": 1623465.0,
    "weekly_change": -0.49353476255111295,
    "monthly_change": -0.8922836804172409
}