{
    "open": 243.47000122070312,
    "high": 244.44000244140625,
    "low": 240.80999755859375,
    "close": 241.63999938964844,
    "volume": 1526800.0,
    "weekly_change": 1.3165615889511268,
    "monthly_change": 6.792767413695658
}