{
    "open": 253.66000366210938,
    "high": 257.1499938964844,
    "low": 251.31500244140625,
    "close": 256.6700134277344,
    "volume": 1145413.0,
    "weekly_change": 0.24997642912509085,
    "monthly_change": 3.797320727431055
}