{
    "open": 244.77999877929688,
    "high": 246.4600067138672,
    "low": 243.74000549316406,
    "close": 246.07000732421875,
    "volume": 590112.0,
    "weekly_change": 4.501637596536287,
    "monthly_change": -2.2484362211035123
}