{
    "open": 212.58999633789062,
    "high": 215.9199981689453,
    "low": 209.50999450683594,
    "close": 215.33999633789062,
    "volume": 991998.0,
    "weekly_change": 2.5917115767469134,
    "monthly_change": 11.528896983496752
}