{
    "open": 213.97999572753906,
    "high": 214.35569763183594,
    "low": 208.4949951171875,
    "close": 212.5500030517578,
    "volume": 2481112.0,
    "weekly_change": -4.420362269636067,
    "monthly_change": -4.027632690558484
}