{
    "open": 214.3699951171875,
    "high": 216.0,
    "low": 210.99000549316406,
    "close": 212.9499969482422,
    "volume": 1206513.0,
    "weekly_change": 8.50955258509156,
    "monthly_change": 3.123485204959897
}