{
    "open": 257.5,
    "high": 261.0899963378906,
    "low": 257.5,
    "close": 260.5,
    "volume": 1380455.0,
    "weekly_change": 1.9968700960825776,
    "monthly_change": 4.710990143182864
}