{
    "open": 185.35499572753906,
    "high": 188.17999267578125,
    "low": 183.5399932861328,
    "close": 187.99000549316406,
    "volume": 1540287.0,
    "weekly_change": 3.6785781488628952,
    "monthly_change": 2.603429887938428
}