{
    "open": 245.97000122070312,
    "high": 248.25999450683594,
    "low": 244.02999877929688,
    "close": 246.25999450683594,
    "volume": 993349.0,
    "weekly_change": -1.012944884969044,
    "monthly_change": 4.285591235430115
}