{
    "open": 240.86000061035156,
    "high": 241.10000610351562,
    "low": 233.39999389648438,
    "close": 238.52999877929688,
    "volume": 6476556.0,
    "weekly_change": -0.43411466925172887,
    "monthly_change": 9.187032614036674
}