{
    "open": 227.0,
    "high": 234.08999633789062,
    "low": 225.49000549316406,
    "close": 233.32000732421875,
    "volume": 2227609.0,
    "weekly_change": 4.773454024102158,
    "monthly_change": 11.036026223070376
}