{
    "open": 208.72000122070312,
    "high": 212.10000610351562,
    "low": 206.7100067138672,
    "close": 211.97999572753906,
    "volume": 1857700.0,
    "weekly_change": -0.01887017456638721,
    "monthly_change": 13.924860204994404
}