{
    "open": 225.39999389648438,
    "high": 226.63999938964844,
    "low": 224.25999450683594,
    "close": 226.27999877929688,
    "volume": 2939985.0,
    "weekly_change": 0.5733558178752108,
    "monthly_change": -3.017318842759662
}