{
    "open": 238.30999755859375,
    "high": 241.9600067138672,
    "low": 235.5500030517578,
    "close": 241.58999633789062,
    "volume": 1692257.0,
    "weekly_change": 1.253139211185856,
    "monthly_change": 6.770668571244759
}