{
    "open": 209.0,
    "high": 214.83999633789062,
    "low": 208.00900268554688,
    "close": 214.6300048828125,
    "volume": 1876255.0,
    "weekly_change": -1.1149496129554253,
    "monthly_change": 1.8603758929534173
}