{
    "open": 197.5,
    "high": 205.65499877929688,
    "low": 196.3300018310547,
    "close": 205.02999877929688,
    "volume": 3976715.0,
    "weekly_change": -3.36522573939179,
    "monthly_change": -17.63217086312997
}