{
    "open": 242.3699951171875,
    "high": 244.99000549316406,
    "low": 240.6165008544922,
    "close": 243.0500030517578,
    "volume": 1646738.0,
    "weekly_change": 2.3282244357630497,
    "monthly_change": 7.415918355263473
}