{
    "open": 199.19000244140625,
    "high": 199.3249969482422,
    "low": 194.13999938964844,
    "close": 195.58999633789062,
    "volume": 1962605.0,
    "weekly_change": 0.8871931005431993,
    "monthly_change": -20.37210745844973
}