{
    "open": 236.5800018310547,
    "high": 240.77999877929688,
    "low": 226.11000061035156,
    "close": 226.74000549316406,
    "volume": 4377100.0,
    "weekly_change": 0.21657701355317682,
    "monthly_change": 6.565775692147822
}