{
    "open": 251.08999633789062,
    "high": 252.61000061035156,
    "low": 249.11000061035156,
    "close": 249.74000549316406,
    "volume": 2167000.0,
    "weekly_change": 1.4131450759175272,
    "monthly_change": 9.36241234264708
}