{
    "open": 203.10000610351562,
    "high": 203.77999877929688,
    "low": 189.2899932861328,
    "close": 190.36000061035156,
    "volume": 5017080.0,
    "weekly_change": -2.673958702112764,
    "monthly_change": -23.083762420616413
}