{
    "open": 214.77000427246094,
    "high": 216.0,
    "low": 207.8000030517578,
    "close": 209.0800018310547,
    "volume": 1876439.0,
    "weekly_change": -3.100524775889855,
    "monthly_change": 2.5454914203456256
}