{
    "open": 214.1999969482422,
    "high": 216.46400451660156,
    "low": 207.3300018310547,
    "close": 207.8699951171875,
    "volume": 2267913.0,
    "weekly_change": -1.9388624838139,
    "monthly_change": -0.431100798416834
}