{
    "open": 256.0899963378906,
    "high": 258.1400146484375,
    "low": 250.9499969482422,
    "close": 251.97000122070312,
    "volume": 1348500.0,
    "weekly_change": -1.9495717765735263,
    "monthly_change": 2.2024856341535948
}