{
    "open": 252.42999267578125,
    "high": 258.55999755859375,
    "low": 251.35000610351562,
    "close": 257.30999755859375,
    "volume": 1108270.0,
    "weekly_change": 0.6296443604093795,
    "monthly_change": 4.056130228409165
}