{
    "open": 233.9199981689453,
    "high": 239.16000366210938,
    "low": 233.5,
    "close": 238.4600067138672,
    "volume": 1339205.0,
    "weekly_change": -0.8729592891748609,
    "monthly_change": -0.058675350405355535
}