{
    "open": 225.50999450683594,
    "high": 229.0749969482422,
    "low": 220.35000610351562,
    "close": 221.80999755859375,
    "volume": 4336707.0,
    "weekly_change": -9.65705698161991,
    "monthly_change": -13.796587904407431
}