{
    "open": 213.8000030517578,
    "high": 224.5800018310547,
    "low": 213.3000030517578,
    "close": 222.69000244140625,
    "volume": 2965900.0,
    "weekly_change": 4.662310461883687,
    "monthly_change": 2.1748132872374843
}