{
    "open": 184.19000244140625,
    "high": 185.92999267578125,
    "low": 182.0,
    "close": 184.5399932861328,
    "volume": 1208983.0,
    "weekly_change": 0.7204410308019,
    "monthly_change": -1.8143142950134892
}