{
    "open": 226.125,
    "high": 227.5,
    "low": 224.60000610351562,
    "close": 226.27000427246094,
    "volume": 2371474.0,
    "weekly_change": -4.728419253700658,
    "monthly_change": 0.3192202221065382
}