{
    "open": 227.14999389648438,
    "high": 227.36000061035156,
    "low": 222.5,
    "close": 223.97999572753906,
    "volume": 1857400.0,
    "weekly_change": -2.076684339057197,
    "monthly_change": -7.770232613431831
}