{
    "open": 183.9600067138672,
    "high": 184.52000427246094,
    "low": 181.86000061035156,
    "close": 183.0800018310547,
    "volume": 2709494.0,
    "weekly_change": -1.3098985217703223,
    "monthly_change": 0.7317754228636519
}