{
    "open": 217.8300018310547,
    "high": 218.6999969482422,
    "low": 211.72000122070312,
    "close": 212.0399932861328,
    "volume": 1736758.0,
    "weekly_change": 5.3039296004214505,
    "monthly_change": 3.8291998916298717
}