{
    "open": 257.5,
    "high": 261.2200012207031,
    "low": 254.5500030517578,
    "close": 259.9599914550781,
    "volume": 2150958.0,
    "weekly_change": 3.454311014783561,
    "monthly_change": 7.889601472341759
}