{
    "open": 232.0749969482422,
    "high": 233.24000549316406,
    "low": 230.1699981689453,
    "close": 231.6300048828125,
    "volume": 1351677.0,
    "weekly_change": -2.5536357355323793,
    "monthly_change": -4.122683722859105
}