{
    "open": 235.77999877929688,
    "high": 236.52999877929688,
    "low": 233.14999389648438,
    "close": 233.9199981689453,
    "volume": 1429400.0,
    "weekly_change": -3.5500765487516834,
    "monthly_change": -0.23032010980913106
}