{
    "open": 233.0,
    "high": 236.24000549316406,
    "low": 230.6999969482422,
    "close": 236.13999938964844,
    "volume": 2001336.0,
    "weekly_change": 4.260670962267088,
    "monthly_change": -0.9729125467158827
}