{
    "open": 233.0,
    "high": 235.8000030517578,
    "low": 229.60000610351562,
    "close": 230.22999572753906,
    "volume": 2007078.0,
    "weekly_change": -1.40043009527235,
    "monthly_change": 0.31808092703227125
}