{
    "open": 235.3000030517578,
    "high": 238.38999938964844,
    "low": 232.22500610351562,
    "close": 233.16000366210938,
    "volume": 1661926.0,
    "weekly_change": 7.264115977188681,
    "monthly_change": -1.9099677511234339
}