{
    "open": 252.42999267578125,
    "high": 257.69500732421875,
    "low": 253.5800018310547,
    "close": 254.35000610351562,
    "volume": 865719.0,
    "weekly_change": -1.3803255042630067,
    "monthly_change": 2.859110061112907
}