{
    "open": 241.6699981689453,
    "high": 242.52999877929688,
    "low": 234.60000610351562,
    "close": 235.3300018310547,
    "volume": 2471176.0,
    "weekly_change": -1.9907537241873636,
    "monthly_change": 0.25134034424643753
}