{
    "open": 206.92999267578125,
    "high": 211.4600067138672,
    "low": 206.89999389648438,
    "close": 209.6300048828125,
    "volume": 1328640.0,
    "weekly_change": 2.473479678071412,
    "monthly_change": -0.9544006954518642
}