{
    "open": 201.6199951171875,
    "high": 202.46629333496094,
    "low": 197.0,
    "close": 201.92999267578125,
    "volume": 1823625.0,
    "weekly_change": -3.174303658165669,
    "monthly_change": -3.8153804289206743
}