{
    "open": 235.4499969482422,
    "high": 239.24000549316406,
    "low": 232.5,
    "close": 236.67999267578125,
    "volume": 2311230.0,
    "weekly_change": -3.039743237281103,
    "monthly_change": -1.0865956689985508
}