{
    "open": 181.58999633789062,
    "high": 183.91000366210938,
    "low": 180.1699981689453,
    "close": 183.74000549316406,
    "volume": 1976300.0,
    "weekly_change": 0.3659792113072565,
    "monthly_change": -2.2139374871997517
}