{
    "open": 243.77000427246094,
    "high": 246.24000549316406,
    "low": 240.2899932861328,
    "close": 242.44000244140625,
    "volume": 1958300.0,
    "weekly_change": 9.468551544281492,
    "monthly_change": 13.326794157765883
}