{
    "open": 235.9499969482422,
    "high": 238.27000427246094,
    "low": 234.00999450683594,
    "close": 235.02999877929688,
    "volume": 1542800.0,
    "weekly_change": 0.4144241779120323,
    "monthly_change": -10.122371403710565
}