{
    "open": 240.39999389648438,
    "high": 242.16000366210938,
    "low": 235.89999389648438,
    "close": 238.13999938964844,
    "volume": 1750339.0,
    "weekly_change": 4.912107857903093,
    "monthly_change": 9.817843065206008
}