{
    "open": 235.4550018310547,
    "high": 236.52000427246094,
    "low": 233.14999389648438,
    "close": 233.9199981689453,
    "volume": 1412110.0,
    "weekly_change": -3.5500765487516834,
    "monthly_change": -0.23032010980913106
}