{
    "open": 209.05999755859375,
    "high": 213.0,
    "low": 206.44000244140625,
    "close": 206.72000122070312,
    "volume": 1586881.0,
    "weekly_change": -2.0702047434746613,
    "monthly_change": 3.811578442112387
}