{
    "open": 223.375,
    "high": 232.2100067138672,
    "low": 222.23500061035156,
    "close": 231.83999633789062,
    "volume": 2768667.0,
    "weekly_change": -0.6343266500379966,
    "monthly_change": 17.36951236299495
}