{
    "open": 186.13999938964844,
    "high": 186.61000061035156,
    "low": 182.66000366210938,
    "close": 183.5399932861328,
    "volume": 1660294.0,
    "weekly_change": -3.4457379020172043,
    "monthly_change": -2.8786128502454544
}