{
    "open": 245.75,
    "high": 249.83999633789062,
    "low": 242.59500122070312,
    "close": 249.33999633789062,
    "volume": 1706648.0,
    "weekly_change": 4.295808214764498,
    "monthly_change": -2.4682173711096356
}