{
    "open": 203.7449951171875,
    "high": 207.64999389648438,
    "low": 203.05999755859375,
    "close": 206.5,
    "volume": 1904203.0,
    "weekly_change": 1.324826745736842,
    "monthly_change": -4.566043377327462
}