{
    "open": 178.61000061035156,
    "high": 179.97999572753906,
    "low": 178.05999755859375,
    "close": 178.75999450683594,
    "volume": 880406.0,
    "weekly_change": -5.407980448596136,
    "monthly_change": -4.498343037938773
}