{
    "open": 211.25999450683594,
    "high": 213.25999450683594,
    "low": 209.0,
    "close": 211.75,
    "volume": 1495200.0,
    "weekly_change": -0.3763834581376151,
    "monthly_change": -6.713954414007459
}