{
    "open": 239.0,
    "high": 242.9199981689453,
    "low": 237.0601043701172,
    "close": 240.61000061035156,
    "volume": 1343133.0,
    "weekly_change": -2.7799122106377476,
    "monthly_change": -3.206211747524191
}