{
    "open": 182.875,
    "high": 182.875,
    "low": 177.35000610351562,
    "close": 178.61000061035156,
    "volume": 1384616.0,
    "weekly_change": -5.3721851070985105,
    "monthly_change": -6.221781836497667
}