{
    "open": 224.0500030517578,
    "high": 225.9199981689453,
    "low": 223.0500030517578,
    "close": 223.80999755859375,
    "volume": 1508771.0,
    "weekly_change": -0.8593587780315614,
    "monthly_change": -7.840233916570711
}