{
    "open": 244.69000244140625,
    "high": 246.08999633789062,
    "low": 240.27999877929688,
    "close": 240.5500030517578,
    "volume": 1542510.0,
    "weekly_change": -2.2233969293997884,
    "monthly_change": 0.610651527136189
}