{
    "open": 244.27999877929688,
    "high": 252.9499969482422,
    "low": 243.2200927734375,
    "close": 249.97999572753906,
    "volume": 3053191.0,
    "weekly_change": 6.027056537122827,
    "monthly_change": 10.133051560899933
}