{
    "open": 242.1999969482422,
    "high": 243.9040069580078,
    "low": 238.11000061035156,
    "close": 240.10000610351562,
    "volume": 1927513.0,
    "weekly_change": -0.637308926511603,
    "monthly_change": 5.492091241120103
}