{
    "open": 209.36000061035156,
    "high": 212.02000427246094,
    "low": 207.4499969482422,
    "close": 207.69000244140625,
    "volume": 2128937.0,
    "weekly_change": -0.6648169970706307,
    "monthly_change": 7.128492119610902
}