{
    "open": 207.75,
    "high": 214.14999389648438,
    "low": 207.75,
    "close": 213.2899932861328,
    "volume": 1916838.0,
    "weekly_change": 6.794508302868472,
    "monthly_change": -13.127244389651244
}