{
    "open": 237.8300018310547,
    "high": 239.3800048828125,
    "low": 235.2949981689453,
    "close": 235.92999267578125,
    "volume": 1193973.0,
    "weekly_change": -3.228059998959799,
    "monthly_change": -1.5193949731409144
}