{
    "open": 216.6300048828125,
    "high": 217.1750030517578,
    "low": 211.89999389648438,
    "close": 213.50999450683594,
    "volume": 1452880.0,
    "weekly_change": 4.497840080846487,
    "monthly_change": 2.693468686493576
}