{
    "open": 211.55999755859375,
    "high": 213.19000244140625,
    "low": 209.0,
    "close": 211.75,
    "volume": 1476564.0,
    "weekly_change": -0.3763834581376151,
    "monthly_change": -6.713954414007459
}