{
    "open": 256.94000244140625,
    "high": 257.8299865722656,
    "low": 250.5850067138672,
    "close": 252.3800048828125,
    "volume": 1484511.0,
    "weekly_change": 0.31001540555446594,
    "monthly_change": 1.467458375736752
}