{
    "open": 207.3800048828125,
    "high": 207.88999938964844,
    "low": 200.66000366210938,
    "close": 207.25,
    "volume": 2526631.0,
    "weekly_change": -4.909381554514624,
    "monthly_change": -0.38452441241194846
}