{
    "open": 227.47000122070312,
    "high": 228.7899932861328,
    "low": 226.27999877929688,
    "close": 227.8699951171875,
    "volume": 928600.0,
    "weekly_change": -1.856317380719483,
    "monthly_change": -1.3848669691437936
}