{
    "open": 233.35000610351562,
    "high": 244.12989807128906,
    "low": 231.9600067138672,
    "close": 242.16000366210938,
    "volume": 2271313.0,
    "weekly_change": 7.155182873533953,
    "monthly_change": 11.67166098511049
}