{
    "open": 255.33999633789062,
    "high": 256.989990234375,
    "low": 254.2899932861328,
    "close": 254.52999877929688,
    "volume": 1041029.0,
    "weekly_change": -2.609530195119827,
    "monthly_change": 4.264297833166903
}