{
    "open": 231.97000122070312,
    "high": 237.01499938964844,
    "low": 229.10000610351562,
    "close": 234.05999755859375,
    "volume": 3124020.0,
    "weekly_change": -7.277263261177428,
    "monthly_change": -8.812527568426171
}