{
    "open": 199.9156951904297,
    "high": 199.9156951904297,
    "low": 193.7899932861328,
    "close": 196.69000244140625,
    "volume": 1405839.0,
    "weekly_change": 1.869691618042514,
    "monthly_change": -8.35857151063359
}