{
    "open": 227.9499969482422,
    "high": 231.02000427246094,
    "low": 223.8800048828125,
    "close": 226.97999572753906,
    "volume": 2551162.0,
    "weekly_change": 2.859472339217951,
    "monthly_change": 0.7993618928434257
}