{
    "open": 198.9199981689453,
    "high": 204.59500122070312,
    "low": 198.75,
    "close": 201.3699951171875,
    "volume": 2136660.0,
    "weekly_change": 5.783775200427913,
    "monthly_change": -16.308551346005803
}