{
    "open": 214.4499969482422,
    "high": 224.7165069580078,
    "low": 211.0,
    "close": 219.5,
    "volume": 8964149.0,
    "weekly_change": -2.6823333938813985,
    "monthly_change": 5.0591143898718975
}