{
    "open": 184.66000366210938,
    "high": 185.10350036621094,
    "low": 180.8699951171875,
    "close": 183.07000732421875,
    "volume": 1415150.0,
    "weekly_change": -2.185294003987374,
    "monthly_change": -2.653403328275739
}