{
    "open": 188.0850067138672,
    "high": 188.7100067138672,
    "low": 180.875,
    "close": 181.75,
    "volume": 2228046.0,
    "weekly_change": -1.2657550021067043,
    "monthly_change": -3.2730144205712195
}