{
    "open": 205.6699981689453,
    "high": 206.32000732421875,
    "low": 201.8350067138672,
    "close": 204.57000732421875,
    "volume": 1365440.0,
    "weekly_change": 1.3073910484790177,
    "monthly_change": -5.457989320681378
}