{
    "open": 184.6199951171875,
    "high": 187.58999633789062,
    "low": 182.88999938964844,
    "close": 186.07000732421875,
    "volume": 1738405.0,
    "weekly_change": -0.5717602163724671,
    "monthly_change": -1.5398393846488245
}