{
    "open": 208.80999755859375,
    "high": 210.27000427246094,
    "low": 207.46009826660156,
    "close": 209.11000061035156,
    "volume": 1280429.0,
    "weekly_change": -2.8479858420219126,
    "monthly_change": 11.305693322616634
}