{
    "open": 185.10000610351562,
    "high": 186.1699981689453,
    "low": 182.92999267578125,
    "close": 184.9199981689453,
    "volume": 1678427.0,
    "weekly_change": -3.299690268039391,
    "monthly_change": -2.1483742461541966
}