{
    "open": 230.9499969482422,
    "high": 240.43499755859375,
    "low": 230.6699981689453,
    "close": 238.60000610351562,
    "volume": 2143196.0,
    "weekly_change": 1.5708153692398252,
    "monthly_change": 1.6790259864989696
}