{
    "open": 197.39999389648438,
    "high": 199.2100067138672,
    "low": 194.50999450683594,
    "close": 197.07000732421875,
    "volume": 1532900.0,
    "weekly_change": 0.1931998973489784,
    "monthly_change": -6.641711713912844
}