{
    "open": 201.5,
    "high": 205.2100067138672,
    "low": 193.11000061035156,
    "close": 196.25,
    "volume": 2228935.0,
    "weekly_change": -7.034583455309676,
    "monthly_change": -2.812852415094693
}