{
    "open": 239.5500030517578,
    "high": 241.91000366210938,
    "low": 238.8800048828125,
    "close": 241.44000244140625,
    "volume": 4576600.0,
    "weekly_change": -0.06208613715718252,
    "monthly_change": 5.741689880969685
}