{
    "open": 235.63999938964844,
    "high": 239.25,
    "low": 232.5,
    "close": 236.67999267578125,
    "volume": 2360100.0,
    "weekly_change": -3.039743237281103,
    "monthly_change": -1.0865956689985508
}