{
    "open": 232.1300048828125,
    "high": 232.85000610351562,
    "low": 229.10000610351562,
    "close": 231.07000732421875,
    "volume": 1777000.0,
    "weekly_change": -3.2086409501982343,
    "monthly_change": -4.354480389559878
}