{
    "open": 255.41000366210938,
    "high": 260.0400085449219,
    "low": 254.4600067138672,
    "close": 257.9100036621094,
    "volume": 1060938.0,
    "weekly_change": 3.4827300418764167,
    "monthly_change": 3.437076862953503
}