{
    "open": 187.42999267578125,
    "high": 188.36000061035156,
    "low": 184.6999969482422,
    "close": 186.42999267578125,
    "volume": 1010700.0,
    "weekly_change": 2.4509487416383564,
    "monthly_change": -1.0351481879641709
}