{
    "open": 226.74000549316406,
    "high": 235.72000122070312,
    "low": 225.4499969482422,
    "close": 234.66000366210938,
    "volume": 2187814.0,
    "weekly_change": 3.7584010710838527,
    "monthly_change": 14.379020995040223
}