{
    "open": 242.16000366210938,
    "high": 243.3000030517578,
    "low": 240.5,
    "close": 241.47000122070312,
    "volume": 1529892.0,
    "weekly_change": -2.3495622724340546,
    "monthly_change": 1.6501781176955894
}