{
    "open": 204.0,
    "high": 206.36000061035156,
    "low": 196.64999389648438,
    "close": 204.41000366210938,
    "volume": 2246789.0,
    "weekly_change": 5.051907564267395,
    "monthly_change": 0.29931334701533074
}