{
    "open": 256.69000244140625,
    "high": 258.2850036621094,
    "low": 253.30999755859375,
    "close": 255.39999389648438,
    "volume": 1513413.0,
    "weekly_change": 4.198112382403642,
    "monthly_change": 5.997093642356904
}