{
    "open": 238.52999877929688,
    "high": 240.83999633789062,
    "low": 237.3699951171875,
    "close": 240.64999389648438,
    "volume": 909900.0,
    "weekly_change": 2.4478502126032016,
    "monthly_change": 6.52000524385797
}