{
    "open": 207.1999969482422,
    "high": 210.10499572753906,
    "low": 206.55499267578125,
    "close": 209.17999267578125,
    "volume": 1152884.0,
    "weekly_change": 14.25605778003624,
    "monthly_change": 17.017229303943633
}