{
    "open": 221.15499877929688,
    "high": 221.15499877929688,
    "low": 206.61000061035156,
    "close": 212.1699981689453,
    "volume": 5095323.0,
    "weekly_change": -12.751869167205662,
    "monthly_change": -17.543041396737532
}