{
    "open": 194.3000030517578,
    "high": 198.50999450683594,
    "low": 193.3800048828125,
    "close": 197.5,
    "volume": 2077253.0,
    "weekly_change": 2.305100687850866,
    "monthly_change": -7.658502201637458
}