{
    "open": 239.41000366210938,
    "high": 242.27999877929688,
    "low": 238.82000732421875,
    "close": 239.50999450683594,
    "volume": 1638325.0,
    "weekly_change": 0.07520690026497745,
    "monthly_change": 4.2934904735055195
}