{
    "open": 253.08999633789062,
    "high": 256.9150085449219,
    "low": 252.0399932861328,
    "close": 252.39999389648438,
    "volume": 2411074.0,
    "weekly_change": -1.548543626912512,
    "monthly_change": -3.109407333403311
}