{
    "open": 201.77999877929688,
    "high": 203.77999877929688,
    "low": 192.25,
    "close": 193.24000549316406,
    "volume": 3990699.0,
    "weekly_change": -12.283248835106104,
    "monthly_change": -24.025948159592712
}