{
    "open": 261.0,
    "high": 261.05999755859375,
    "low": 254.9409942626953,
    "close": 255.55999755859375,
    "volume": 1477090.0,
    "weekly_change": -1.4157363238039335,
    "monthly_change": 1.7032787329229753
}