{
    "open": 234.1199951171875,
    "high": 238.0,
    "low": 233.47500610351562,
    "close": 235.1699981689453,
    "volume": 2173886.0,
    "weekly_change": 4.343771884832095,
    "monthly_change": 11.402174973707321
}