{
    "open": 191.22999572753906,
    "high": 195.6199951171875,
    "low": 191.22999572753906,
    "close": 193.0800018310547,
    "volume": 2015335.0,
    "weekly_change": 0.8935605149699911,
    "monthly_change": -9.725080688657357
}