{
    "open": 246.5500030517578,
    "high": 246.5500030517578,
    "low": 242.97999572753906,
    "close": 244.9499969482422,
    "volume": 788017.0,
    "weekly_change": 0.5418019287339471,
    "monthly_change": -2.963196111623035
}