{
    "open": 210.92999267578125,
    "high": 212.4600067138672,
    "low": 208.69000244140625,
    "close": 211.5,
    "volume": 1475221.0,
    "weekly_change": -1.112775775424418,
    "monthly_change": 3.1556363747861664
}