{
    "open": 245.5,
    "high": 247.1999969482422,
    "low": 244.05999755859375,
    "close": 245.625,
    "volume": 1204683.0,
    "weekly_change": 2.0842855147030335,
    "monthly_change": -3.9401631085203057
}