{
    "open": 232.97999572753906,
    "high": 233.1999969482422,
    "low": 230.47000122070312,
    "close": 232.72000122070312,
    "volume": 1497000.0,
    "weekly_change": 2.249558427014653,
    "monthly_change": 2.81877042769239
}