{
    "open": 242.41000366210938,
    "high": 243.4499969482422,
    "low": 234.4199981689453,
    "close": 235.3699951171875,
    "volume": 1620482.0,
    "weekly_change": 0.14466082613134673,
    "monthly_change": -9.570464030634827
}