{
    "open": 241.35000610351562,
    "high": 243.17999267578125,
    "low": 240.16000366210938,
    "close": 242.22999572753906,
    "volume": 1368433.0,
    "weekly_change": 1.1356524917900628,
    "monthly_change": 3.1160835857627593
}