{
    "open": 244.27499389648438,
    "high": 246.83999633789062,
    "low": 242.64999389648438,
    "close": 244.55999755859375,
    "volume": 1607122.0,
    "weekly_change": -1.0999681470925553,
    "monthly_change": 4.700743060821083
}