{
    "open": 227.25,
    "high": 228.9949951171875,
    "low": 223.58999633789062,
    "close": 225.5500030517578,
    "volume": 2068851.0,
    "weekly_change": 7.420108463341045,
    "monthly_change": 8.829917033417521
}