{
    "open": 210.47999572753906,
    "high": 210.67999267578125,
    "low": 206.1999969482422,
    "close": 207.91000366210938,
    "volume": 1742014.0,
    "weekly_change": -3.378561790652073,
    "monthly_change": 10.666955376467401
}