{
    "open": 204.0,
    "high": 210.71249389648438,
    "low": 203.47999572753906,
    "close": 208.86000061035156,
    "volume": 1377745.0,
    "weekly_change": 2.568381673687473,
    "monthly_change": -2.964135253664601
}