{
    "open": 202.52000427246094,
    "high": 207.83999633789062,
    "low": 202.52000427246094,
    "close": 205.10000610351562,
    "volume": 1648342.0,
    "weekly_change": 1.4693519759350038,
    "monthly_change": -1.2470491152415089
}