{
    "open": 242.5,
    "high": 243.1300048828125,
    "low": 239.50999450683594,
    "close": 240.55999755859375,
    "volume": 1082601.0,
    "weekly_change": 0.19158327504573505,
    "monthly_change": 3.023553558284261
}