{
    "open": 243.75,
    "high": 247.0,
    "low": 220.55999755859375,
    "close": 227.5500030517578,
    "volume": 7045300.0,
    "weekly_change": -6.033201350102878,
    "monthly_change": 8.408770685328285
}