{
    "open": 237.8000030517578,
    "high": 241.00999450683594,
    "low": 236.1999969482422,
    "close": 237.6999969482422,
    "volume": 2200640.0,
    "weekly_change": -1.8701229654448863,
    "monthly_change": -0.37720416272033636
}