{
    "open": 232.0050048828125,
    "high": 234.30999755859375,
    "low": 230.38999938964844,
    "close": 233.5,
    "volume": 1426362.0,
    "weekly_change": 1.6764668869318717,
    "monthly_change": 3.2044198895027622
}