{
    "open": 259.3399963378906,
    "high": 259.3800048828125,
    "low": 255.86000061035156,
    "close": 256.69000244140625,
    "volume": 922697.0,
    "weekly_change": -0.3841936753004444,
    "monthly_change": 5.183580357028412
}