{
    "open": 238.72999572753906,
    "high": 238.9600067138672,
    "low": 230.5,
    "close": 233.9199981689453,
    "volume": 2102759.0,
    "weekly_change": 0.0,
    "monthly_change": -1.9203361975072064
}