{
    "open": 261.2900085449219,
    "high": 262.2030944824219,
    "low": 258.3299865722656,
    "close": 260.2799987792969,
    "volume": 888318.0,
    "weekly_change": -0.46653966374880496,
    "monthly_change": 3.4334761606281643
}