{
    "open": 227.0,
    "high": 229.85000610351562,
    "low": 224.00999450683594,
    "close": 229.64999389648438,
    "volume": 1789312.0,
    "weekly_change": 0.5781071496711906,
    "monthly_change": 1.9217053219934863
}