{
    "open": 247.0,
    "high": 249.0,
    "low": 234.0,
    "close": 235.77000427246094,
    "volume": 4002882.0,
    "weekly_change": 3.394292652106433,
    "monthly_change": 6.842799759283559
}