{
    "open": 207.8800048828125,
    "high": 212.71499633789062,
    "low": 207.0,
    "close": 211.10000610351562,
    "volume": 1574745.0,
    "weekly_change": -1.4886309592430318,
    "monthly_change": 1.4659951968369092
}