{
    "open": 259.4200134277344,
    "high": 264.7850036621094,
    "low": 259.3800048828125,
    "close": 261.5,
    "volume": 1229386.0,
    "weekly_change": 1.8738546545815364,
    "monthly_change": 5.55847273642454
}