{
    "open": 225.9199981689453,
    "high": 226.16000366210938,
    "low": 224.0,
    "close": 224.99000549316406,
    "volume": 1862800.0,
    "weekly_change": -4.1208548615167055,
    "monthly_change": 1.0328272605605564
}