{
    "open": 231.36000061035156,
    "high": 233.5500030517578,
    "low": 230.3249969482422,
    "close": 230.82000732421875,
    "volume": 2164667.0,
    "weekly_change": 0.9402235415618335,
    "monthly_change": 2.087572354395321
}