{
    "open": 222.82000732421875,
    "high": 222.82000732421875,
    "low": 219.07000732421875,
    "close": 220.5800018310547,
    "volume": 1396300.0,
    "weekly_change": -2.441399435404574,
    "monthly_change": -7.903633714642735
}