{
    "open": 235.5800018310547,
    "high": 240.3699951171875,
    "low": 235.0,
    "close": 239.07000732421875,
    "volume": 2237240.0,
    "weekly_change": -0.008360455886086427,
    "monthly_change": -5.977896209870967
}