{
    "open": 221.00999450683594,
    "high": 225.13999938964844,
    "low": 218.7008056640625,
    "close": 222.0,
    "volume": 1850388.0,
    "weekly_change": 3.8547930880025123,
    "monthly_change": 11.934653330517463
}