{
    "open": 186.8520050048828,
    "high": 189.6999969482422,
    "low": 185.72500610351562,
    "close": 187.13999938964844,
    "volume": 1602431.0,
    "weekly_change": -0.4521549437087144,
    "monthly_change": 1.4089119963737429
}