{
    "open": 248.94000244140625,
    "high": 246.0,
    "low": 242.5500030517578,
    "close": 244.33999633789062,
    "volume": 1055314.0,
    "weekly_change": -2.540788243544898,
    "monthly_change": -0.07770107649562405
}