{
    "open": 246.32000732421875,
    "high": 258.1000061035156,
    "low": 245.49000549316406,
    "close": 256.1199951171875,
    "volume": 3479900.0,
    "weekly_change": 1.7803194000974683,
    "monthly_change": 10.38227663001655
}