{
    "open": 222.5,
    "high": 225.4600067138672,
    "low": 222.27999877929688,
    "close": 225.3800048828125,
    "volume": 1530758.0,
    "weekly_change": 9.855722782109465,
    "monthly_change": 4.395759655377113
}