{
    "open": 198.0,
    "high": 199.47999572753906,
    "low": 196.5449981689453,
    "close": 198.1999969482422,
    "volume": 1347533.0,
    "weekly_change": 1.7871793887237613,
    "monthly_change": -7.331217307181932
}