{
    "open": 181.39999389648438,
    "high": 184.4550018310547,
    "low": 181.25999450683594,
    "close": 183.3699951171875,
    "volume": 1136015.0,
    "weekly_change": 2.665021270124819,
    "monthly_change": -1.3768610011499283
}