{
    "open": 186.9499969482422,
    "high": 186.9499969482422,
    "low": 184.82000732421875,
    "close": 186.41000366210938,
    "volume": 1443700.0,
    "weekly_change": 4.27948612125343,
    "monthly_change": 2.4793897289471905
}