{
    "open": 225.1300048828125,
    "high": 230.63999938964844,
    "low": 220.49000549316406,
    "close": 220.6699981689453,
    "volume": 3229440.0,
    "weekly_change": -7.336021359485448,
    "monthly_change": 3.2277652423536347
}