{
    "open": 241.0500030517578,
    "high": 242.59500122070312,
    "low": 238.2899932861328,
    "close": 240.33999633789062,
    "volume": 1315992.0,
    "weekly_change": -4.778129100724091,
    "monthly_change": -6.365901824896057
}