{
    "open": 210.99000549316406,
    "high": 211.0,
    "low": 207.8000030517578,
    "close": 210.75,
    "volume": 1078028.0,
    "weekly_change": -2.813007116358449,
    "monthly_change": 9.168607442858583
}