{
    "open": 233.47000122070312,
    "high": 235.60000610351562,
    "low": 231.52000427246094,
    "close": 232.5500030517578,
    "volume": 1428399.0,
    "weekly_change": -0.0042976036037407385,
    "monthly_change": 0.39718436711632543
}