{
    "open": 247.60000610351562,
    "high": 251.33999633789062,
    "low": 246.8350067138672,
    "close": 247.8800048828125,
    "volume": 1357886.0,
    "weekly_change": -0.5855424226042066,
    "monthly_change": -1.7908039314476514
}