{
    "open": 259.70001220703125,
    "high": 261.1549987792969,
    "low": 256.1600036621094,
    "close": 258.3599853515625,
    "volume": 1985265.0,
    "weekly_change": 5.833192904800455,
    "monthly_change": 7.225560748631221
}