{
    "open": 230.52000427246094,
    "high": 232.33999633789062,
    "low": 228.75,
    "close": 232.02999877929688,
    "volume": 1029725.0,
    "weekly_change": 1.8256039633344423,
    "monthly_change": 2.622729993676477
}