{
    "open": 242.5,
    "high": 245.5399932861328,
    "low": 241.86000061035156,
    "close": 243.6300048828125,
    "volume": 1026800.0,
    "weekly_change": 3.5093724506016386,
    "monthly_change": -4.18452794701149
}