{
    "open": 236.8000030517578,
    "high": 241.7899932861328,
    "low": 236.75,
    "close": 238.97999572753906,
    "volume": 1275239.0,
    "weekly_change": 0.8184283227954947,
    "monthly_change": -0.24627940837402218
}