{
    "open": 212.75,
    "high": 215.3488006591797,
    "low": 211.9499969482422,
    "close": 214.60000610351562,
    "volume": 1266595.0,
    "weekly_change": 3.108634540390299,
    "monthly_change": 3.9225211155039346
}