{
    "open": 242.2100067138672,
    "high": 242.75999450683594,
    "low": 238.66000366210938,
    "close": 239.3300018310547,
    "volume": 1658774.0,
    "weekly_change": 0.4027380683526166,
    "monthly_change": 5.771864282491317
}