{
    "open": 246.25,
    "high": 250.24839782714844,
    "low": 245.97000122070312,
    "close": 247.25,
    "volume": 1270571.0,
    "weekly_change": -0.2461069187644013,
    "monthly_change": 6.3212198474882255
}