{
    "open": 185.0500030517578,
    "high": 190.5749969482422,
    "low": 184.25,
    "close": 187.8699951171875,
    "volume": 2328465.0,
    "weekly_change": 1.4745574897585867,
    "monthly_change": 1.8044878899997876
}