{
    "open": 242.97999572753906,
    "high": 246.83999633789062,
    "low": 241.375,
    "close": 246.64999389648438,
    "volume": 1704151.0,
    "weekly_change": 1.749098704806358,
    "monthly_change": 2.5742273183843403
}