{
    "open": 242.0,
    "high": 242.69000244140625,
    "low": 236.94000244140625,
    "close": 239.67999267578125,
    "volume": 979400.0,
    "weekly_change": 2.747883690966715,
    "monthly_change": 5.4883084342398325
}