{
    "open": 199.1199951171875,
    "high": 202.94000244140625,
    "low": 197.1999969482422,
    "close": 199.72000122070312,
    "volume": 1871600.0,
    "weekly_change": 3.1238721066544217,
    "monthly_change": -16.16504856545411
}