{
    "open": 222.64999389648438,
    "high": 225.49000549316406,
    "low": 222.27999877929688,
    "close": 225.3800048828125,
    "volume": 1534000.0,
    "weekly_change": 9.855722782109465,
    "monthly_change": 4.395759655377113
}