{
    "open": 226.0,
    "high": 226.4427032470703,
    "low": 221.9600067138672,
    "close": 223.11000061035156,
    "volume": 1229041.0,
    "weekly_change": 3.608249468096489,
    "monthly_change": 13.432303544159954
}