{
    "open": 197.4199981689453,
    "high": 198.07000732421875,
    "low": 189.4499969482422,
    "close": 195.58999633789062,
    "volume": 3022140.0,
    "weekly_change": -11.82092850155539,
    "monthly_change": -23.797098957584648
}