{
    "open": 243.7449951171875,
    "high": 247.0,
    "low": 220.59170532226562,
    "close": 227.5500030517578,
    "volume": 6897866.0,
    "weekly_change": -6.033201350102878,
    "monthly_change": 8.408770685328285
}