{
    "open": 226.17999267578125,
    "high": 227.99000549316406,
    "low": 225.41000366210938,
    "close": 225.9199981689453,
    "volume": 1350833.0,
    "weekly_change": 0.9427642345597906,
    "monthly_change": -6.848637568116561
}