{
    "open": 194.72999572753906,
    "high": 200.08999633789062,
    "low": 193.88999938964844,
    "close": 199.1300048828125,
    "volume": 1907394.0,
    "weekly_change": -2.3345894948673998,
    "monthly_change": -17.23951441017307
}