{
    "open": 198.02000427246094,
    "high": 212.8800048828125,
    "low": 195.97000122070312,
    "close": 208.77000427246094,
    "volume": 6752818.0,
    "weekly_change": 12.199707666313166,
    "monthly_change": 13.62250899694683
}