{
    "open": 213.00999450683594,
    "high": 217.3699951171875,
    "low": 211.8699951171875,
    "close": 216.22999572753906,
    "volume": 1560988.0,
    "weekly_change": 1.9712297173421802,
    "monthly_change": -10.707799612834068
}