{
    "open": 252.52999877929688,
    "high": 253.1999969482422,
    "low": 248.13999938964844,
    "close": 250.32000732421875,
    "volume": 2258301.0,
    "weekly_change": 4.859251861678362,
    "monthly_change": 12.564080325535464
}