{
    "open": 233.02000427246094,
    "high": 237.6199951171875,
    "low": 232.53900146484375,
    "close": 237.5,
    "volume": 1519259.0,
    "weekly_change": 3.485838779956427,
    "monthly_change": 15.763304621086553
}