{
    "open": 205.0,
    "high": 208.89999389648438,
    "low": 203.6199951171875,
    "close": 204.22000122070312,
    "volume": 1496910.0,
    "weekly_change": -2.380495124371897,
    "monthly_change": 1.4153082249701903
}