{
    "open": 190.07000732421875,
    "high": 190.92999267578125,
    "low": 185.38999938964844,
    "close": 185.50999450683594,
    "volume": 1680700.0,
    "weekly_change": -1.2561881469574037,
    "monthly_change": 1.3328164554535396
}