{
    "open": 238.7899932861328,
    "high": 239.60000610351562,
    "low": 236.91000366210938,
    "close": 238.72999572753906,
    "volume": 1659504.0,
    "weekly_change": 1.444777066260025,
    "monthly_change": 0.5094271780536577
}