{
    "open": 212.13999938964844,
    "high": 216.92999267578125,
    "low": 210.77999877929688,
    "close": 216.85000610351562,
    "volume": 1321177.0,
    "weekly_change": 5.728912555014591,
    "monthly_change": 7.9715246253490095
}