{
    "open": 244.5,
    "high": 246.90499877929688,
    "low": 243.22000122070312,
    "close": 244.52999877929688,
    "volume": 1461312.0,
    "weekly_change": -1.6885767781875813,
    "monthly_change": 4.687900018154026
}