{
    "open": 241.27999877929688,
    "high": 242.3000030517578,
    "low": 237.02499389648438,
    "close": 238.86000061035156,
    "volume": 1169387.0,
    "weekly_change": 2.9435856858971383,
    "monthly_change": 5.6949399550223925
}