{
    "open": 261.1099853515625,
    "high": 262.19000244140625,
    "low": 255.57000732421875,
    "close": 258.07000732421875,
    "volume": 1217757.0,
    "weekly_change": 0.43979328717808014,
    "monthly_change": 4.119263571663518
}