{
    "open": 216.0,
    "high": 216.52999877929688,
    "low": 210.66000366210938,
    "close": 211.64999389648438,
    "volume": 1438800.0,
    "weekly_change": 1.3843645649041263,
    "monthly_change": 12.585769302602987
}