{
    "open": 213.0500030517578,
    "high": 215.7899932861328,
    "low": 211.25999450683594,
    "close": 213.00999450683594,
    "volume": 924223.0,
    "weekly_change": -2.3740812487324554,
    "monthly_change": 10.322142369368748
}