{
    "open": 225.63499450683594,
    "high": 227.6300048828125,
    "low": 222.1199951171875,
    "close": 227.60000610351562,
    "volume": 2472481.0,
    "weekly_change": 0.5877941423703595,
    "monthly_change": 1.0118936202660984
}