{
    "open": 236.3000030517578,
    "high": 241.91000366210938,
    "low": 236.10000610351562,
    "close": 238.0800018310547,
    "volume": 3583277.0,
    "weekly_change": -1.798383338741841,
    "monthly_change": 9.115907771709104
}