{
    "open": 249.41000366210938,
    "high": 250.0,
    "low": 246.55999755859375,
    "close": 246.8300018310547,
    "volume": 1320716.0,
    "weekly_change": 2.063349970528529,
    "monthly_change": -3.4500263156669595
}