{
    "open": 209.13999938964844,
    "high": 216.35000610351562,
    "low": 208.75,
    "close": 213.77000427246094,
    "volume": 1531921.0,
    "weekly_change": -1.782673895166192,
    "monthly_change": 10.715766648640306
}