{
    "open": 233.02000427246094,
    "high": 243.55999755859375,
    "low": 227.27000427246094,
    "close": 232.0,
    "volume": 5791170.0,
    "weekly_change": -9.250926837909697,
    "monthly_change": -10.101912885780042
}