{
    "open": 213.47999572753906,
    "high": 215.5,
    "low": 211.38999938964844,
    "close": 213.75999450683594,
    "volume": 1428293.0,
    "weekly_change": 1.4282298964820581,
    "monthly_change": 7.850654792218325
}