{
    "open": 190.5749969482422,
    "high": 192.13999938964844,
    "low": 188.35000610351562,
    "close": 188.97999572753906,
    "volume": 1198926.0,
    "weekly_change": 2.40598385333305,
    "monthly_change": 0.574774809013389
}