{
    "open": 184.60000610351562,
    "high": 189.17999267578125,
    "low": 184.1999969482422,
    "close": 188.75,
    "volume": 1452700.0,
    "weekly_change": 1.2444388861042623,
    "monthly_change": 0.29224392171965424
}