{
    "open": 205.6699981689453,
    "high": 206.32000732421875,
    "low": 201.83999633789062,
    "close": 204.57000732421875,
    "volume": 1365500.0,
    "weekly_change": 1.3073910484790177,
    "monthly_change": -5.457989320681378
}