{
    "open": 231.16000366210938,
    "high": 241.0800018310547,
    "low": 229.3300018310547,
    "close": 240.9499969482422,
    "volume": 1817504.0,
    "weekly_change": 4.388696517886537,
    "monthly_change": 6.619757994355484
}