{
    "open": 213.8000030517578,
    "high": 215.85130310058594,
    "low": 209.1999969482422,
    "close": 211.39999389648438,
    "volume": 1223034.0,
    "weekly_change": 3.419593028298891,
    "monthly_change": 2.372878400234564
}