{
    "open": 213.66000366210938,
    "high": 218.55999755859375,
    "low": 211.58999633789062,
    "close": 217.9499969482422,
    "volume": 1339056.0,
    "weekly_change": 4.352195878256693,
    "monthly_change": 4.22743833967213
}