{
    "open": 193.60000610351562,
    "high": 196.8300018310547,
    "low": 191.89999389648438,
    "close": 193.8699951171875,
    "volume": 2097135.0,
    "weekly_change": -7.992032205450743,
    "monthly_change": -19.42562876630208
}