{
    "open": 215.77000427246094,
    "high": 216.7021026611328,
    "low": 213.63099670410156,
    "close": 214.2899932861328,
    "volume": 1127821.0,
    "weekly_change": 0.38412519826704417,
    "monthly_change": 1.0897243160448136
}