{
    "open": 247.39999389648438,
    "high": 249.77499389648438,
    "low": 247.05999755859375,
    "close": 248.5800018310547,
    "volume": 1055468.0,
    "weekly_change": 1.6562397546213483,
    "monthly_change": 3.9779119987806757
}