{
    "open": 257.9100036621094,
    "high": 258.3900146484375,
    "low": 255.91000366210938,
    "close": 256.0299987792969,
    "volume": 808000.0,
    "weekly_change": 1.760728365784944,
    "monthly_change": 2.683084358572124
}