{
    "open": 239.6199951171875,
    "high": 242.4149932861328,
    "low": 238.80999755859375,
    "close": 241.83999633789062,
    "volume": 1140986.0,
    "weekly_change": 0.5738956938754233,
    "monthly_change": -4.888507384162797
}