{
    "open": 253.3000030517578,
    "high": 257.4100036621094,
    "low": 251.5,
    "close": 256.67999267578125,
    "volume": 931154.0,
    "weekly_change": -1.4664135601607486,
    "monthly_change": 3.8139505260995956
}