{
    "open": 231.8699951171875,
    "high": 233.17999267578125,
    "low": 228.5,
    "close": 230.25,
    "volume": 1485693.0,
    "weekly_change": -2.7167453417110115,
    "monthly_change": -2.341266561662314
}