{
    "open": 237.52000427246094,
    "high": 239.13999938964844,
    "low": 216.33999633789062,
    "close": 217.3699951171875,
    "volume": 5618100.0,
    "weekly_change": -3.8143325662414336,
    "monthly_change": -10.262973640272923
}