{
    "open": 197.47999572753906,
    "high": 202.19000244140625,
    "low": 196.00999450683594,
    "close": 201.36000061035156,
    "volume": 2074548.0,
    "weekly_change": 1.5277561394256163,
    "monthly_change": -3.0478124881531143
}