{
    "open": 241.13999938964844,
    "high": 245.82000732421875,
    "low": 240.94000244140625,
    "close": 245.72999572753906,
    "volume": 1174900.0,
    "weekly_change": 2.327807259139849,
    "monthly_change": -2.3330724298796195
}