{
    "open": 191.89999389648438,
    "high": 194.6761932373047,
    "low": 188.64999389648438,
    "close": 193.6699981689453,
    "volume": 2574216.0,
    "weekly_change": -5.540652918102953,
    "monthly_change": -21.108805313730677
}