{
    "open": 224.5,
    "high": 225.30999755859375,
    "low": 222.3000030517578,
    "close": 222.72999572753906,
    "volume": 1640580.0,
    "weekly_change": -0.8987783192262236,
    "monthly_change": -7.23448976860406
}