{
    "open": 225.7100067138672,
    "high": 229.6699981689453,
    "low": 224.88999938964844,
    "close": 229.5,
    "volume": 2128921.0,
    "weekly_change": 1.7964085635750062,
    "monthly_change": 6.9431470049898945
}