{
    "open": 240.89999389648438,
    "high": 247.4199981689453,
    "low": 240.3000030517578,
    "close": 242.63999938964844,
    "volume": 3042083.0,
    "weekly_change": 5.509413445967618,
    "monthly_change": 9.956043595868822
}